,terrestrial_date,min_temp,earth_days
0,2012-08-16 00:00:00.000000000,-61,0
1,2012-08-17 02:13:57.209302325,-81,1
2,2012-08-18 04:27:54.418604651,-77,2
3,2012-08-19 06:41:51.627906976,-64,3
4,2012-08-20 08:55:48.837209302,-80,4
5,2012-08-21 11:09:46.046511627,-71,5
6,2012-08-22 13:23:43.255813953,-69,6
7,2012-08-23 15:37:40.465116279,-79,7
8,2012-08-24 17:51:37.674418604,-69,8
9,2012-08-25 20:05:34.883720930,-61,9
10,2012-08-26 22:19:32.093023255,-87,10
11,2012-08-28 00:33:29.302325581,-68,12
12,2012-08-29 02:47:26.511627907,-86,13
13,2012-08-30 05:01:23.720930232,-85,14
14,2012-08-31 07:15:20.930232558,-82,15
15,2012-09-01 09:29:18.139534883,-61,16
16,2012-09-02 11:43:15.348837209,-78,17
17,2012-09-03 13:57:12.558139534,-90,18
18,2012-09-04 16:11:09.767441860,-82,19
19,2012-09-05 18:25:06.976744186,-66,20
20,2012-09-06 20:39:04.186046511,-63,21
21,2012-09-07 22:53:01.395348837,-62,22
22,2012-09-09 01:06:58.604651162,-78,24
23,2012-09-10 03:20:55.813953488,-79,25
24,2012-09-11 05:34:53.023255814,-87,26
25,2012-09-12 07:48:50.232558139,-70,27
26,2012-09-13 10:02:47.441860465,-87,28
27,2012-09-14 12:16:44.651162790,-87,29
28,2012-09-15 14:30:41.860465116,-84,30
29,2012-09-16 16:44:39.069767442,-71,31
30,2012-09-17 18:58:36.279069767,-60,32
31,2012-09-18 21:12:33.488372093,-68,33
32,2012-09-19 23:26:30.697674418,-63,34
33,2012-09-21 01:40:27.906976744,-85,36
34,2012-09-22 03:54:25.116279069,-88,37
35,2012-09-23 06:08:22.325581395,-67,38
36,2012-09-24 08:22:19.534883721,-62,39
37,2012-09-25 10:36:16.744186046,-64,40
38,2012-09-26 12:50:13.953488372,-80,41
39,2012-09-27 15:04:11.162790697,-67,42
40,2012-09-28 17:18:08.372093023,-72,43
41,2012-09-29 19:32:05.581395348,-77,44
42,2012-09-30 21:46:02.790697674,-88,45
43,2012-10-02 00:00:00.000000000,-74,47
44,2012-10-03 02:13:57.209302325,-86,48
45,2012-10-04 04:27:54.418604651,-62,49
46,2012-10-05 06:41:51.627906976,-74,50
47,2012-10-06 08:55:48.837209302,-84,51
48,2012-10-07 11:09:46.046511628,-73,52
49,2012-10-08 13:23:43.255813953,-65,53
50,2012-10-09 15:37:40.465116279,-79,54
51,2012-10-10 17:51:37.674418604,-81,55
52,2012-10-11 20:05:34.883720930,-80,56
53,2012-10-12 22:19:32.093023256,-89,57
54,2012-10-14 00:33:29.302325581,-63,59
55,2012-10-15 02:47:26.511627907,-79,60
56,2012-10-16 05:01:23.720930232,-81,61
57,2012-10-17 07:15:20.930232558,-61,62
58,2012-10-18 09:29:18.139534884,-90,63
59,2012-10-19 11:43:15.348837209,-70,64
60,2012-10-20 13:57:12.558139535,-61,65
61,2012-10-21 16:11:09.767441860,-78,66
62,2012-10-22 18:25:06.976744186,-64,67
63,2012-10-23 20:39:04.186046511,-89,68
64,2012-10-24 22:53:01.395348837,-61,69
65,2012-10-26 01:06:58.604651163,-72,71
66,2012-10-27 03:20:55.813953488,-85,72
67,2012-10-28 05:34:53.023255814,-70,73
68,2012-10-29 07:48:50.232558139,-76,74
69,2012-10-30 10:02:47.441860465,-66,75
70,2012-10-31 12:16:44.651162790,-66,76
71,2012-11-01 14:30:41.860465116,-82,77
72,2012-11-02 16:44:39.069767442,-80,78
73,2012-11-03 18:58:36.279069767,-84,79
74,2012-11-04 21:12:33.488372093,-63,80
75,2012-11-05 23:26:30.697674418,-78,81
76,2012-11-07 01:40:27.906976744,-66,83
77,2012-11-08 03:54:25.116279070,-69,84
78,2012-11-09 06:08:22.325581395,-72,85
79,2012-11-10 08:22:19.534883721,-90,86
80,2012-11-11 10:36:16.744186046,-76,87
81,2012-11-12 12:50:13.953488372,-66,88
82,2012-11-13 15:04:11.162790697,-64,89
83,2012-11-14 17:18:08.372093023,-67,90
84,2012-11-15 19:32:05.581395349,-85,91
85,2012-11-16 21:46:02.790697674,-84,92
86,2012-11-18 00:00:00.000000000,-62,94
87,2012-11-19 02:13:57.209302325,-64,95
88,2012-11-20 04:27:54.418604651,-72,96
89,2012-11-21 06:41:51.627906976,-61,97
90,2012-11-22 08:55:48.837209302,-88,98
91,2012-11-23 11:09:46.046511628,-84,99
92,2012-11-24 13:23:43.255813953,-90,100
93,2012-11-25 15:37:40.465116279,-76,101
94,2012-11-26 17:51:37.674418604,-69,102
95,2012-11-27 20:05:34.883720930,-89,103
96,2012-11-28 22:19:32.093023256,-75,104
97,2012-11-30 00:33:29.302325582,-77,106
98,2012-12-01 02:47:26.511627906,-65,107
99,2012-12-02 05:01:23.720930232,-84,108
100,2012-12-03 07:15:20.930232558,-87,109
101,2012-12-04 09:29:18.139534884,-85,110
102,2012-12-05 11:43:15.348837208,-60,111
103,2012-12-06 13:57:12.558139534,-67,112
104,2012-12-07 16:11:09.767441860,-75,113
105,2012-12-08 18:25:06.976744186,-66,114
106,2012-12-09 20:39:04.186046512,-75,115
107,2012-12-10 22:53:01.395348836,-66,116
108,2012-12-12 01:06:58.604651162,-74,118
109,2012-12-13 03:20:55.813953488,-62,119
110,2012-12-14 05:34:53.023255814,-81,120
111,2012-12-15 07:48:50.232558140,-69,121
112,2012-12-16 10:02:47.441860464,-86,122
113,2012-12-17 12:16:44.651162790,-83,123
114,2012-12-18 14:30:41.860465116,-60,124
115,2012-12-19 16:44:39.069767442,-62,125
116,2012-12-20 18:58:36.279069768,-62,126
117,2012-12-21 21:12:33.488372092,-64,127
118,2012-12-22 23:26:30.697674418,-67,128
119,2012-12-24 01:40:27.906976744,-77,130
120,2012-12-25 03:54:25.116279070,-85,131
121,2012-12-26 06:08:22.325581394,-88,132
122,2012-12-27 08:22:19.534883720,-64,133
123,2012-12-28 10:36:16.744186046,-85,134
124,2012-12-29 12:50:13.953488372,-63,135
125,2012-12-30 15:04:11.162790698,-89,136
126,2012-12-31 17:18:08.372093022,-64,137
127,2013-01-01 19:32:05.581395348,-60,138
128,2013-01-02 21:46:02.790697674,-85,139
129,2013-01-04 00:00:00.000000000,-87,141
130,2013-01-05 02:13:57.209302326,-88,142
131,2013-01-06 04:27:54.418604650,-75,143
132,2013-01-07 06:41:51.627906976,-70,144
133,2013-01-08 08:55:48.837209302,-65,145
134,2013-01-09 11:09:46.046511628,-63,146
135,2013-01-10 13:23:43.255813954,-66,147
136,2013-01-11 15:37:40.465116278,-90,148
137,2013-01-12 17:51:37.674418604,-60,149
138,2013-01-13 20:05:34.883720930,-60,150
139,2013-01-14 22:19:32.093023256,-62,151
140,2013-01-16 00:33:29.302325580,-61,153
141,2013-01-17 02:47:26.511627906,-62,154
142,2013-01-18 05:01:23.720930232,-77,155
143,2013-01-19 07:15:20.930232558,-80,156
144,2013-01-20 09:29:18.139534884,-83,157
145,2013-01-21 11:43:15.348837208,-67,158
146,2013-01-22 13:57:12.558139534,-78,159
147,2013-01-23 16:11:09.767441860,-60,160
148,2013-01-24 18:25:06.976744186,-81,161
149,2013-01-25 20:39:04.186046512,-63,162
150,2013-01-26 22:53:01.395348836,-77,163
151,2013-01-28 01:06:58.604651162,-87,165
152,2013-01-29 03:20:55.813953488,-83,166
153,2013-01-30 05:34:53.023255814,-86,167
154,2013-01-31 07:48:50.232558140,-79,168
155,2013-02-01 10:02:47.441860464,-62,169
156,2013-02-02 12:16:44.651162790,-78,170
157,2013-02-03 14:30:41.860465116,-83,171
158,2013-02-04 16:44:39.069767442,-88,172
159,2013-02-05 18:58:36.279069766,-83,173
160,2013-02-06 21:12:33.488372092,-70,174
161,2013-02-07 23:26:30.697674418,-84,175
162,2013-02-09 01:40:27.906976744,-60,177
163,2013-02-10 03:54:25.116279070,-71,178
164,2013-02-11 06:08:22.325581394,-77,179
165,2013-02-12 08:22:19.534883720,-62,180
166,2013-02-13 10:36:16.744186046,-78,181
167,2013-02-14 12:50:13.953488372,-81,182
168,2013-02-15 15:04:11.162790698,-81,183
169,2013-02-16 17:18:08.372093022,-80,184
170,2013-02-17 19:32:05.581395348,-90,185
171,2013-02-18 21:46:02.790697674,-69,186
172,2013-02-20 00:00:00.000000000,-68,188
173,2013-02-21 02:13:57.209302326,-68,189
174,2013-02-22 04:27:54.418604650,-78,190
175,2013-02-23 06:41:51.627906976,-80,191
176,2013-02-24 08:55:48.837209302,-89,192
177,2013-02-25 11:09:46.046511628,-85,193
178,2013-02-26 13:23:43.255813952,-84,194
179,2013-02-27 15:37:40.465116278,-75,195
180,2013-02-28 17:51:37.674418604,-62,196
181,2013-03-01 20:05:34.883720930,-88,197
182,2013-03-02 22:19:32.093023256,-82,198
183,2013-03-04 00:33:29.302325580,-78,200
184,2013-03-05 02:47:26.511627906,-71,201
185,2013-03-06 05:01:23.720930232,-62,202
186,2013-03-07 07:15:20.930232558,-80,203
187,2013-03-08 09:29:18.139534884,-78,204
188,2013-03-09 11:43:15.348837208,-85,205
189,2013-03-10 13:57:12.558139534,-63,206
190,2013-03-11 16:11:09.767441860,-85,207
191,2013-03-12 18:25:06.976744184,-75,208
192,2013-03-13 20:39:04.186046512,-80,209
193,2013-03-14 22:53:01.395348836,-74,210
194,2013-03-16 01:06:58.604651164,-65,212
195,2013-03-17 03:20:55.813953488,-71,213
196,2013-03-18 05:34:53.023255812,-65,214
197,2013-03-19 07:48:50.232558140,-79,215
198,2013-03-20 10:02:47.441860464,-66,216
199,2013-03-21 12:16:44.651162792,-85,217
200,2013-03-22 14:30:41.860465116,-80,218
201,2013-03-23 16:44:39.069767440,-85,219
202,2013-03-24 18:58:36.279069768,-69,220
203,2013-03-25 21:12:33.488372092,-71,221
204,2013-03-26 23:26:30.697674416,-76,222
205,2013-03-28 01:40:27.906976744,-83,224
206,2013-03-29 03:54:25.116279068,-75,225
207,2013-03-30 06:08:22.325581396,-69,226
208,2013-03-31 08:22:19.534883720,-65,227
209,2013-04-01 10:36:16.744186044,-72,228
210,2013-04-02 12:50:13.953488372,-84,229
211,2013-04-03 15:04:11.162790696,-68,230
212,2013-04-04 17:18:08.372093024,-71,231
213,2013-04-05 19:32:05.581395348,-68,232
214,2013-04-06 21:46:02.790697672,-68,233
215,2013-04-08 00:00:00.000000000,-67,235
216,2013-04-09 02:13:57.209302324,-72,236
217,2013-04-10 04:27:54.418604652,-89,237
218,2013-04-11 06:41:51.627906976,-81,238
219,2013-04-12 08:55:48.837209300,-87,239
220,2013-04-13 11:09:46.046511628,-88,240
221,2013-04-14 13:23:43.255813952,-60,241
222,2013-04-15 15:37:40.465116280,-66,242
223,2013-04-16 17:51:37.674418604,-65,243
224,2013-04-17 20:05:34.883720928,-79,244
225,2013-04-18 22:19:32.093023256,-67,245
226,2013-04-20 00:33:29.302325580,-87,247
227,2013-04-21 02:47:26.511627908,-65,248
228,2013-04-22 05:01:23.720930232,-88,249
229,2013-04-23 07:15:20.930232556,-86,250
230,2013-04-24 09:29:18.139534884,-90,251
231,2013-04-25 11:43:15.348837208,-85,252
232,2013-04-26 13:57:12.558139536,-85,253
233,2013-04-27 16:11:09.767441860,-87,254
234,2013-04-28 18:25:06.976744184,-83,255
235,2013-04-29 20:39:04.186046512,-62,256
236,2013-04-30 22:53:01.395348836,-62,257
237,2013-05-02 01:06:58.604651164,-86,259
238,2013-05-03 03:20:55.813953488,-79,260
239,2013-05-04 05:34:53.023255812,-66,261
240,2013-05-05 07:48:50.232558140,-63,262
241,2013-05-06 10:02:47.441860464,-70,263
242,2013-05-07 12:16:44.651162788,-65,264
243,2013-05-08 14:30:41.860465116,-74,265
244,2013-05-09 16:44:39.069767440,-72,266
245,2013-05-10 18:58:36.279069768,-67,267
246,2013-05-11 21:12:33.488372092,-65,268
247,2013-05-12 23:26:30.697674416,-67,269
248,2013-05-14 01:40:27.906976744,-76,271
249,2013-05-15 03:54:25.116279068,-67,272
250,2013-05-16 06:08:22.325581396,-88,273
251,2013-05-17 08:22:19.534883720,-85,274
252,2013-05-18 10:36:16.744186044,-66,275
253,2013-05-19 12:50:13.953488372,-60,276
254,2013-05-20 15:04:11.162790696,-81,277
255,2013-05-21 17:18:08.372093024,-89,278
256,2013-05-22 19:32:05.581395348,-62,279
257,2013-05-23 21:46:02.790697672,-70,280
258,2013-05-25 00:00:00.000000000,-60,282
259,2013-05-26 02:13:57.209302324,-73,283
260,2013-05-27 04:27:54.418604652,-77,284
261,2013-05-28 06:41:51.627906976,-78,285
262,2013-05-29 08:55:48.837209300,-72,286
263,2013-05-30 11:09:46.046511628,-85,287
264,2013-05-31 13:23:43.255813952,-78,288
265,2013-06-01 15:37:40.465116280,-72,289
266,2013-06-02 17:51:37.674418604,-77,290
267,2013-06-03 20:05:34.883720928,-83,291
268,2013-06-04 22:19:32.093023256,-90,292
269,2013-06-06 00:33:29.302325580,-83,294
270,2013-06-07 02:47:26.511627908,-65,295
271,2013-06-08 05:01:23.720930232,-63,296
272,2013-06-09 07:15:20.930232556,-81,297
273,2013-06-10 09:29:18.139534884,-66,298
274,2013-06-11 11:43:15.348837208,-73,299
275,2013-06-12 13:57:12.558139532,-68,300
276,2013-06-13 16:11:09.767441860,-79,301
277,2013-06-14 18:25:06.976744184,-88,302
278,2013-06-15 20:39:04.186046512,-82,303
279,2013-06-16 22:53:01.395348836,-87,304
280,2013-06-18 01:06:58.604651160,-70,306
281,2013-06-19 03:20:55.813953488,-72,307
282,2013-06-20 05:34:53.023255812,-71,308
283,2013-06-21 07:48:50.232558140,-64,309
284,2013-06-22 10:02:47.441860464,-85,310
285,2013-06-23 12:16:44.651162788,-60,311
286,2013-06-24 14:30:41.860465116,-86,312
287,2013-06-25 16:44:39.069767440,-78,313
288,2013-06-26 18:58:36.279069768,-77,314
289,2013-06-27 21:12:33.488372092,-62,315
290,2013-06-28 23:26:30.697674416,-80,316
291,2013-06-30 01:40:27.906976744,-68,318
292,2013-07-01 03:54:25.116279068,-60,319
293,2013-07-02 06:08:22.325581396,-75,320
294,2013-07-03 08:22:19.534883720,-73,321
295,2013-07-04 10:36:16.744186044,-65,322
296,2013-07-05 12:50:13.953488372,-85,323
297,2013-07-06 15:04:11.162790696,-60,324
298,2013-07-07 17:18:08.372093024,-76,325
299,2013-07-08 19:32:05.581395348,-70,326
300,2013-07-09 21:46:02.790697672,-83,327
301,2013-07-11 00:00:00.000000000,-80,329
302,2013-07-12 02:13:57.209302324,-76,330
303,2013-07-13 04:27:54.418604652,-82,331
304,2013-07-14 06:41:51.627906976,-88,332
305,2013-07-15 08:55:48.837209300,-70,333
306,2013-07-16 11:09:46.046511628,-86,334
307,2013-07-17 13:23:43.255813952,-84,335
308,2013-07-18 15:37:40.465116280,-75,336
309,2013-07-19 17:51:37.674418604,-74,337
310,2013-07-20 20:05:34.883720928,-83,338
311,2013-07-21 22:19:32.093023256,-85,339
312,2013-07-23 00:33:29.302325580,-67,341
313,2013-07-24 02:47:26.511627904,-81,342
314,2013-07-25 05:01:23.720930232,-67,343
315,2013-07-26 07:15:20.930232556,-87,344
316,2013-07-27 09:29:18.139534884,-61,345
317,2013-07-28 11:43:15.348837208,-76,346
318,2013-07-29 13:57:12.558139532,-75,347
319,2013-07-30 16:11:09.767441860,-72,348
320,2013-07-31 18:25:06.976744184,-66,349
321,2013-08-01 20:39:04.186046512,-79,350
322,2013-08-02 22:53:01.395348836,-84,351
323,2013-08-04 01:06:58.604651160,-83,353
324,2013-08-05 03:20:55.813953488,-82,354
325,2013-08-06 05:34:53.023255812,-71,355
326,2013-08-07 07:48:50.232558140,-82,356
327,2013-08-08 10:02:47.441860464,-68,357
328,2013-08-09 12:16:44.651162788,-88,358
329,2013-08-10 14:30:41.860465116,-90,359
330,2013-08-11 16:44:39.069767440,-79,360
331,2013-08-12 18:58:36.279069768,-76,361
332,2013-08-13 21:12:33.488372092,-79,362
333,2013-08-14 23:26:30.697674416,-75,363
334,2013-08-16 01:40:27.906976744,-69,365
335,2013-08-17 03:54:25.116279068,-87,366
336,2013-08-18 06:08:22.325581396,-79,367
337,2013-08-19 08:22:19.534883720,-83,368
338,2013-08-20 10:36:16.744186044,-86,369
339,2013-08-21 12:50:13.953488372,-87,370
340,2013-08-22 15:04:11.162790696,-75,371
341,2013-08-23 17:18:08.372093024,-86,372
342,2013-08-24 19:32:05.581395348,-76,373
343,2013-08-25 21:46:02.790697672,-79,374
344,2013-08-27 00:00:00.000000000,-79,376
345,2013-08-28 02:13:57.209302324,-84,377
346,2013-08-29 04:27:54.418604652,-72,378
347,2013-08-30 06:41:51.627906976,-88,379
348,2013-08-31 08:55:48.837209300,-65,380
349,2013-09-01 11:09:46.046511628,-66,381
350,2013-09-02 13:23:43.255813952,-66,382
351,2013-09-03 15:37:40.465116276,-83,383
352,2013-09-04 17:51:37.674418604,-81,384
353,2013-09-05 20:05:34.883720928,-88,385
354,2013-09-06 22:19:32.093023256,-77,386
355,2013-09-08 00:33:29.302325580,-84,388
356,2013-09-09 02:47:26.511627904,-74,389
357,2013-09-10 05:01:23.720930232,-64,390
358,2013-09-11 07:15:20.930232556,-76,391
359,2013-09-12 09:29:18.139534884,-64,392
360,2013-09-13 11:43:15.348837208,-88,393
361,2013-09-14 13:57:12.558139532,-82,394
362,2013-09-15 16:11:09.767441860,-60,395
363,2013-09-16 18:25:06.976744184,-67,396
364,2013-09-17 20:39:04.186046512,-88,397
365,2013-09-18 22:53:01.395348836,-79,398
366,2013-09-20 01:06:58.604651160,-83,400
367,2013-09-21 03:20:55.813953488,-84,401
368,2013-09-22 05:34:53.023255812,-87,402
369,2013-09-23 07:48:50.232558140,-61,403
370,2013-09-24 10:02:47.441860464,-78,404
371,2013-09-25 12:16:44.651162788,-61,405
372,2013-09-26 14:30:41.860465116,-60,406
373,2013-09-27 16:44:39.069767440,-74,407
374,2013-09-28 18:58:36.279069768,-80,408
375,2013-09-29 21:12:33.488372092,-88,409
376,2013-09-30 23:26:30.697674416,-78,410
377,2013-10-02 01:40:27.906976744,-65,412
378,2013-10-03 03:54:25.116279068,-86,413
379,2013-10-04 06:08:22.325581396,-65,414
380,2013-10-05 08:22:19.534883720,-80,415
381,2013-10-06 10:36:16.744186044,-67,416
382,2013-10-07 12:50:13.953488368,-62,417
383,2013-10-08 15:04:11.162790696,-78,418
384,2013-10-09 17:18:08.372093024,-71,419
385,2013-10-10 19:32:05.581395344,-82,420
386,2013-10-11 21:46:02.790697672,-73,421
387,2013-10-13 00:00:00.000000000,-60,423
388,2013-10-14 02:13:57.209302328,-64,424
389,2013-10-15 04:27:54.418604648,-77,425
390,2013-10-16 06:41:51.627906976,-86,426
391,2013-10-17 08:55:48.837209304,-86,427
392,2013-10-18 11:09:46.046511624,-77,428
393,2013-10-19 13:23:43.255813952,-87,429
394,2013-10-20 15:37:40.465116280,-76,430
395,2013-10-21 17:51:37.674418600,-62,431
396,2013-10-22 20:05:34.883720928,-65,432
397,2013-10-23 22:19:32.093023256,-65,433
398,2013-10-25 00:33:29.302325584,-61,435
399,2013-10-26 02:47:26.511627904,-66,436
400,2013-10-27 05:01:23.720930232,-67,437
401,2013-10-28 07:15:20.930232560,-90,438
402,2013-10-29 09:29:18.139534880,-63,439
403,2013-10-30 11:43:15.348837208,-69,440
404,2013-10-31 13:57:12.558139536,-87,441
405,2013-11-01 16:11:09.767441856,-62,442
406,2013-11-02 18:25:06.976744184,-85,443
407,2013-11-03 20:39:04.186046512,-68,444
408,2013-11-04 22:53:01.395348832,-89,445
409,2013-11-06 01:06:58.604651160,-62,447
410,2013-11-07 03:20:55.813953488,-82,448
411,2013-11-08 05:34:53.023255816,-73,449
412,2013-11-09 07:48:50.232558136,-88,450
413,2013-11-10 10:02:47.441860464,-87,451
414,2013-11-11 12:16:44.651162792,-75,452
415,2013-11-12 14:30:41.860465112,-63,453
416,2013-11-13 16:44:39.069767440,-65,454
417,2013-11-14 18:58:36.279069768,-70,455
418,2013-11-15 21:12:33.488372088,-87,456
419,2013-11-16 23:26:30.697674416,-90,457
420,2013-11-18 01:40:27.906976744,-78,459
421,2013-11-19 03:54:25.116279072,-81,460
422,2013-11-20 06:08:22.325581392,-63,461
423,2013-11-21 08:22:19.534883720,-71,462
424,2013-11-22 10:36:16.744186048,-62,463
425,2013-11-23 12:50:13.953488368,-85,464
426,2013-11-24 15:04:11.162790696,-69,465
427,2013-11-25 17:18:08.372093024,-72,466
428,2013-11-26 19:32:05.581395344,-86,467
429,2013-11-27 21:46:02.790697672,-74,468
430,2013-11-29 00:00:00.000000000,-78,470
431,2013-11-30 02:13:57.209302328,-64,471
432,2013-12-01 04:27:54.418604648,-69,472
433,2013-12-02 06:41:51.627906976,-64,473
434,2013-12-03 08:55:48.837209304,-79,474
435,2013-12-04 11:09:46.046511624,-89,475
436,2013-12-05 13:23:43.255813952,-82,476
437,2013-12-06 15:37:40.465116280,-88,477
438,2013-12-07 17:51:37.674418600,-85,478
439,2013-12-08 20:05:34.883720928,-62,479
440,2013-12-09 22:19:32.093023256,-65,480
441,2013-12-11 00:33:29.302325576,-69,482
442,2013-12-12 02:47:26.511627904,-77,483
443,2013-12-13 05:01:23.720930232,-68,484
444,2013-12-14 07:15:20.930232560,-71,485
445,2013-12-15 09:29:18.139534880,-76,486
446,2013-12-16 11:43:15.348837208,-70,487
447,2013-12-17 13:57:12.558139536,-90,488
448,2013-12-18 16:11:09.767441856,-62,489
449,2013-12-19 18:25:06.976744184,-88,490
450,2013-12-20 20:39:04.186046512,-67,491
451,2013-12-21 22:53:01.395348832,-83,492
452,2013-12-23 01:06:58.604651160,-85,494
453,2013-12-24 03:20:55.813953488,-77,495
454,2013-12-25 05:34:53.023255816,-88,496
455,2013-12-26 07:48:50.232558136,-83,497
456,2013-12-27 10:02:47.441860464,-87,498
457,2013-12-28 12:16:44.651162792,-69,499
458,2013-12-29 14:30:41.860465112,-73,500
459,2013-12-30 16:44:39.069767440,-66,501
460,2013-12-31 18:58:36.279069768,-62,502
461,2014-01-01 21:12:33.488372088,-65,503
462,2014-01-02 23:26:30.697674416,-75,504
463,2014-01-04 01:40:27.906976744,-62,506
464,2014-01-05 03:54:25.116279072,-79,507
465,2014-01-06 06:08:22.325581392,-82,508
466,2014-01-07 08:22:19.534883720,-84,509
467,2014-01-08 10:36:16.744186048,-85,510
468,2014-01-09 12:50:13.953488368,-75,511
469,2014-01-10 15:04:11.162790696,-75,512
470,2014-01-11 17:18:08.372093024,-85,513
471,2014-01-12 19:32:05.581395344,-83,514
472,2014-01-13 21:46:02.790697672,-60,515
473,2014-01-15 00:00:00.000000000,-87,517
474,2014-01-16 02:13:57.209302328,-71,518
475,2014-01-17 04:27:54.418604648,-72,519
476,2014-01-18 06:41:51.627906976,-77,520
477,2014-01-19 08:55:48.837209304,-86,521
478,2014-01-20 11:09:46.046511624,-61,522
479,2014-01-21 13:23:43.255813952,-76,523
480,2014-01-22 15:37:40.465116280,-60,524
481,2014-01-23 17:51:37.674418600,-85,525
482,2014-01-24 20:05:34.883720928,-69,526
483,2014-01-25 22:19:32.093023256,-72,527
484,2014-01-27 00:33:29.302325576,-77,529
485,2014-01-28 02:47:26.511627904,-65,530
486,2014-01-29 05:01:23.720930232,-81,531
487,2014-01-30 07:15:20.930232560,-71,532
488,2014-01-31 09:29:18.139534880,-60,533
489,2014-02-01 11:43:15.348837208,-60,534
490,2014-02-02 13:57:12.558139536,-78,535
491,2014-02-03 16:11:09.767441856,-63,536
492,2014-02-04 18:25:06.976744184,-86,537
493,2014-02-05 20:39:04.186046512,-74,538
494,2014-02-06 22:53:01.395348832,-78,539
495,2014-02-08 01:06:58.604651160,-81,541
496,2014-02-09 03:20:55.813953488,-60,542
497,2014-02-10 05:34:53.023255816,-67,543
498,2014-02-11 07:48:50.232558136,-83,544
499,2014-02-12 10:02:47.441860464,-85,545
500,2014-02-13 12:16:44.651162792,-75,546
501,2014-02-14 14:30:41.860465112,-77,547
502,2014-02-15 16:44:39.069767440,-70,548
503,2014-02-16 18:58:36.279069768,-73,549
504,2014-02-17 21:12:33.488372088,-76,550
505,2014-02-18 23:26:30.697674416,-73,551
506,2014-02-20 01:40:27.906976744,-77,553
507,2014-02-21 03:54:25.116279072,-68,554
508,2014-02-22 06:08:22.325581392,-82,555
509,2014-02-23 08:22:19.534883720,-81,556
510,2014-02-24 10:36:16.744186048,-80,557
511,2014-02-25 12:50:13.953488368,-60,558
512,2014-02-26 15:04:11.162790696,-78,559
513,2014-02-27 17:18:08.372093024,-87,560
514,2014-02-28 19:32:05.581395344,-89,561
515,2014-03-01 21:46:02.790697672,-81,562
516,2014-03-03 00:00:00.000000000,-78,564
517,2014-03-04 02:13:57.209302320,-60,565
518,2014-03-05 04:27:54.418604648,-66,566
519,2014-03-06 06:41:51.627906976,-80,567
520,2014-03-07 08:55:48.837209304,-66,568
521,2014-03-08 11:09:46.046511624,-86,569
522,2014-03-09 13:23:43.255813952,-75,570
523,2014-03-10 15:37:40.465116280,-76,571
524,2014-03-11 17:51:37.674418600,-87,572
525,2014-03-12 20:05:34.883720928,-84,573
526,2014-03-13 22:19:32.093023256,-73,574
527,2014-03-15 00:33:29.302325576,-67,576
528,2014-03-16 02:47:26.511627904,-63,577
529,2014-03-17 05:01:23.720930232,-75,578
530,2014-03-18 07:15:20.930232560,-81,579
531,2014-03-19 09:29:18.139534880,-65,580
532,2014-03-20 11:43:15.348837208,-72,581
533,2014-03-21 13:57:12.558139536,-73,582
534,2014-03-22 16:11:09.767441856,-81,583
535,2014-03-23 18:25:06.976744184,-77,584
536,2014-03-24 20:39:04.186046512,-71,585
537,2014-03-25 22:53:01.395348832,-77,586
538,2014-03-27 01:06:58.604651160,-62,588
539,2014-03-28 03:20:55.813953488,-87,589
540,2014-03-29 05:34:53.023255816,-65,590
541,2014-03-30 07:48:50.232558136,-88,591
542,2014-03-31 10:02:47.441860464,-88,592
543,2014-04-01 12:16:44.651162792,-87,593
544,2014-04-02 14:30:41.860465112,-81,594
545,2014-04-03 16:44:39.069767440,-68,595
546,2014-04-04 18:58:36.279069768,-87,596
547,2014-04-05 21:12:33.488372088,-66,597
548,2014-04-06 23:26:30.697674416,-75,598
549,2014-04-08 01:40:27.906976744,-74,600
550,2014-04-09 03:54:25.116279064,-79,601
551,2014-04-10 06:08:22.325581392,-64,602
552,2014-04-11 08:22:19.534883720,-82,603
553,2014-04-12 10:36:16.744186048,-89,604
554,2014-04-13 12:50:13.953488368,-79,605
555,2014-04-14 15:04:11.162790696,-90,606
556,2014-04-15 17:18:08.372093024,-74,607
557,2014-04-16 19:32:05.581395344,-69,608
558,2014-04-17 21:46:02.790697672,-67,609
559,2014-04-19 00:00:00.000000000,-69,611
560,2014-04-20 02:13:57.209302320,-64,612
561,2014-04-21 04:27:54.418604648,-83,613
562,2014-04-22 06:41:51.627906976,-68,614
563,2014-04-23 08:55:48.837209304,-65,615
564,2014-04-24 11:09:46.046511624,-66,616
565,2014-04-25 13:23:43.255813952,-71,617
566,2014-04-26 15:37:40.465116280,-73,618
567,2014-04-27 17:51:37.674418600,-79,619
568,2014-04-28 20:05:34.883720928,-63,620
569,2014-04-29 22:19:32.093023256,-78,621
570,2014-05-01 00:33:29.302325576,-77,623
571,2014-05-02 02:47:26.511627904,-83,624
572,2014-05-03 05:01:23.720930232,-78,625
573,2014-05-04 07:15:20.930232560,-86,626
574,2014-05-05 09:29:18.139534880,-77,627
575,2014-05-06 11:43:15.348837208,-79,628
576,2014-05-07 13:57:12.558139536,-80,629
577,2014-05-08 16:11:09.767441856,-64,630
578,2014-05-09 18:25:06.976744184,-60,631
579,2014-05-10 20:39:04.186046512,-70,632
580,2014-05-11 22:53:01.395348832,-68,633
581,2014-05-13 01:06:58.604651160,-90,635
582,2014-05-14 03:20:55.813953488,-66,636
583,2014-05-15 05:34:53.023255816,-88,637
584,2014-05-16 07:48:50.232558136,-67,638
585,2014-05-17 10:02:47.441860464,-63,639
586,2014-05-18 12:16:44.651162792,-77,640
587,2014-05-19 14:30:41.860465112,-64,641
588,2014-05-20 16:44:39.069767440,-63,642
589,2014-05-21 18:58:36.279069768,-82,643
590,2014-05-22 21:12:33.488372088,-66,644
591,2014-05-23 23:26:30.697674416,-87,645
592,2014-05-25 01:40:27.906976744,-70,647
593,2014-05-26 03:54:25.116279064,-86,648
594,2014-05-27 06:08:22.325581392,-79,649
595,2014-05-28 08:22:19.534883720,-82,650
596,2014-05-29 10:36:16.744186048,-84,651
597,2014-05-30 12:50:13.953488368,-74,652
598,2014-05-31 15:04:11.162790696,-78,653
599,2014-06-01 17:18:08.372093024,-80,654
600,2014-06-02 19:32:05.581395344,-69,655
601,2014-06-03 21:46:02.790697672,-87,656
602,2014-06-05 00:00:00.000000000,-83,658
603,2014-06-06 02:13:57.209302320,-66,659
604,2014-06-07 04:27:54.418604648,-63,660
605,2014-06-08 06:41:51.627906976,-64,661
606,2014-06-09 08:55:48.837209304,-61,662
607,2014-06-10 11:09:46.046511624,-73,663
608,2014-06-11 13:23:43.255813952,-69,664
609,2014-06-12 15:37:40.465116280,-68,665
610,2014-06-13 17:51:37.674418600,-76,666
611,2014-06-14 20:05:34.883720928,-65,667
612,2014-06-15 22:19:32.093023256,-72,668
613,2014-06-17 00:33:29.302325576,-77,670
614,2014-06-18 02:47:26.511627904,-79,671
615,2014-06-19 05:01:23.720930232,-61,672
616,2014-06-20 07:15:20.930232560,-63,673
617,2014-06-21 09:29:18.139534880,-81,674
618,2014-06-22 11:43:15.348837208,-80,675
619,2014-06-23 13:57:12.558139536,-76,676
620,2014-06-24 16:11:09.767441856,-75,677
621,2014-06-25 18:25:06.976744184,-70,678
622,2014-06-26 20:39:04.186046512,-90,679
623,2014-06-27 22:53:01.395348832,-72,680
624,2014-06-29 01:06:58.604651160,-65,682
625,2014-06-30 03:20:55.813953488,-64,683
626,2014-07-01 05:34:53.023255808,-88,684
627,2014-07-02 07:48:50.232558136,-64,685
628,2014-07-03 10:02:47.441860464,-90,686
629,2014-07-04 12:16:44.651162792,-60,687
630,2014-07-05 14:30:41.860465112,-62,688
631,2014-07-06 16:44:39.069767440,-90,689
632,2014-07-07 18:58:36.279069768,-60,690
633,2014-07-08 21:12:33.488372088,-86,691
634,2014-07-09 23:26:30.697674416,-61,692
635,2014-07-11 01:40:27.906976744,-61,694
636,2014-07-12 03:54:25.116279064,-61,695
637,2014-07-13 06:08:22.325581392,-88,696
638,2014-07-14 08:22:19.534883720,-68,697
639,2014-07-15 10:36:16.744186048,-67,698
640,2014-07-16 12:50:13.953488368,-85,699
641,2014-07-17 15:04:11.162790696,-72,700
642,2014-07-18 17:18:08.372093024,-69,701
643,2014-07-19 19:32:05.581395344,-84,702
644,2014-07-20 21:46:02.790697672,-70,703
645,2014-07-22 00:00:00.000000000,-74,705
646,2014-07-23 02:13:57.209302320,-70,706
647,2014-07-24 04:27:54.418604648,-81,707
648,2014-07-25 06:41:51.627906976,-86,708
649,2014-07-26 08:55:48.837209304,-79,709
650,2014-07-27 11:09:46.046511624,-71,710
651,2014-07-28 13:23:43.255813952,-80,711
652,2014-07-29 15:37:40.465116280,-74,712
653,2014-07-30 17:51:37.674418600,-89,713
654,2014-07-31 20:05:34.883720928,-69,714
655,2014-08-01 22:19:32.093023256,-65,715
656,2014-08-03 00:33:29.302325576,-66,717
657,2014-08-04 02:47:26.511627904,-62,718
658,2014-08-05 05:01:23.720930232,-71,719
659,2014-08-06 07:15:20.930232552,-79,720
660,2014-08-07 09:29:18.139534880,-62,721
661,2014-08-08 11:43:15.348837208,-84,722
662,2014-08-09 13:57:12.558139536,-81,723
663,2014-08-10 16:11:09.767441856,-83,724
664,2014-08-11 18:25:06.976744184,-85,725
665,2014-08-12 20:39:04.186046512,-73,726
666,2014-08-13 22:53:01.395348832,-67,727
667,2014-08-15 01:06:58.604651160,-80,729
668,2014-08-16 03:20:55.813953488,-82,730
669,2014-08-17 05:34:53.023255808,-81,731
670,2014-08-18 07:48:50.232558136,-76,732
671,2014-08-19 10:02:47.441860464,-66,733
672,2014-08-20 12:16:44.651162792,-62,734
673,2014-08-21 14:30:41.860465112,-84,735
674,2014-08-22 16:44:39.069767440,-81,736
675,2014-08-23 18:58:36.279069768,-82,737
676,2014-08-24 21:12:33.488372088,-70,738
677,2014-08-25 23:26:30.697674416,-71,739
678,2014-08-27 01:40:27.906976744,-82,741
679,2014-08-28 03:54:25.116279064,-60,742
680,2014-08-29 06:08:22.325581392,-89,743
681,2014-08-30 08:22:19.534883720,-75,744
682,2014-08-31 10:36:16.744186048,-62,745
683,2014-09-01 12:50:13.953488368,-69,746
684,2014-09-02 15:04:11.162790696,-74,747
685,2014-09-03 17:18:08.372093024,-90,748
686,2014-09-04 19:32:05.581395344,-63,749
687,2014-09-05 21:46:02.790697672,-79,750
688,2014-09-07 00:00:00.000000000,-86,752
689,2014-09-08 02:13:57.209302320,-63,753
690,2014-09-09 04:27:54.418604648,-89,754
691,2014-09-10 06:41:51.627906976,-68,755
692,2014-09-11 08:55:48.837209304,-62,756
693,2014-09-12 11:09:46.046511624,-62,757
694,2014-09-13 13:23:43.255813952,-62,758
695,2014-09-14 15:37:40.465116280,-65,759
696,2014-09-15 17:51:37.674418600,-77,760
697,2014-09-16 20:05:34.883720928,-82,761
698,2014-09-17 22:19:32.093023256,-88,762
699,2014-09-19 00:33:29.302325576,-66,764
700,2014-09-20 02:47:26.511627904,-82,765
701,2014-09-21 05:01:23.720930232,-72,766
702,2014-09-22 07:15:20.930232552,-61,767
703,2014-09-23 09:29:18.139534880,-84,768
704,2014-09-24 11:43:15.348837208,-74,769
705,2014-09-25 13:57:12.558139536,-87,770
706,2014-09-26 16:11:09.767441856,-69,771
707,2014-09-27 18:25:06.976744184,-82,772
708,2014-09-28 20:39:04.186046512,-70,773
709,2014-09-29 22:53:01.395348832,-76,774
710,2014-10-01 01:06:58.604651160,-74,776
711,2014-10-02 03:20:55.813953488,-63,777
712,2014-10-03 05:34:53.023255808,-70,778
713,2014-10-04 07:48:50.232558136,-85,779
714,2014-10-05 10:02:47.441860464,-64,780
715,2014-10-06 12:16:44.651162792,-71,781
716,2014-10-07 14:30:41.860465112,-78,782
717,2014-10-08 16:44:39.069767440,-86,783
718,2014-10-09 18:58:36.279069768,-60,784
719,2014-10-10 21:12:33.488372088,-68,785
720,2014-10-11 23:26:30.697674416,-90,786
721,2014-10-13 01:40:27.906976744,-75,788
722,2014-10-14 03:54:25.116279064,-78,789
723,2014-10-15 06:08:22.325581392,-87,790
724,2014-10-16 08:22:19.534883720,-80,791
725,2014-10-17 10:36:16.744186048,-81,792
726,2014-10-18 12:50:13.953488368,-65,793
727,2014-10-19 15:04:11.162790696,-79,794
728,2014-10-20 17:18:08.372093024,-76,795
729,2014-10-21 19:32:05.581395344,-79,796
730,2014-10-22 21:46:02.790697672,-73,797
731,2014-10-24 00:00:00.000000000,-84,799
732,2014-10-25 02:13:57.209302320,-77,800
733,2014-10-26 04:27:54.418604648,-84,801
734,2014-10-27 06:41:51.627906976,-85,802
735,2014-10-28 08:55:48.837209296,-73,803
736,2014-10-29 11:09:46.046511624,-70,804
737,2014-10-30 13:23:43.255813952,-74,805
738,2014-10-31 15:37:40.465116280,-88,806
739,2014-11-01 17:51:37.674418600,-86,807
740,2014-11-02 20:05:34.883720928,-66,808
741,2014-11-03 22:19:32.093023256,-81,809
742,2014-11-05 00:33:29.302325576,-62,811
743,2014-11-06 02:47:26.511627904,-68,812
744,2014-11-07 05:01:23.720930232,-72,813
745,2014-11-08 07:15:20.930232552,-84,814
746,2014-11-09 09:29:18.139534880,-67,815
747,2014-11-10 11:43:15.348837208,-71,816
748,2014-11-11 13:57:12.558139536,-66,817
749,2014-11-12 16:11:09.767441856,-64,818
750,2014-11-13 18:25:06.976744184,-80,819
751,2014-11-14 20:39:04.186046512,-63,820
752,2014-11-15 22:53:01.395348832,-80,821
753,2014-11-17 01:06:58.604651160,-76,823
754,2014-11-18 03:20:55.813953488,-64,824
755,2014-11-19 05:34:53.023255808,-70,825
756,2014-11-20 07:48:50.232558136,-90,826
757,2014-11-21 10:02:47.441860464,-70,827
758,2014-11-22 12:16:44.651162792,-83,828
759,2014-11-23 14:30:41.860465112,-80,829
760,2014-11-24 16:44:39.069767440,-78,830
761,2014-11-25 18:58:36.279069768,-83,831
762,2014-11-26 21:12:33.488372088,-82,832
763,2014-11-27 23:26:30.697674416,-83,833
764,2014-11-29 01:40:27.906976736,-82,835
765,2014-11-30 03:54:25.116279072,-85,836
766,2014-12-01 06:08:22.325581392,-80,837
767,2014-12-02 08:22:19.534883712,-84,838
768,2014-12-03 10:36:16.744186048,-81,839
769,2014-12-04 12:50:13.953488368,-72,840
770,2014-12-05 15:04:11.162790688,-86,841
771,2014-12-06 17:18:08.372093024,-87,842
772,2014-12-07 19:32:05.581395344,-64,843
773,2014-12-08 21:46:02.790697664,-65,844
774,2014-12-10 00:00:00.000000000,-89,846
775,2014-12-11 02:13:57.209302320,-72,847
776,2014-12-12 04:27:54.418604656,-78,848
777,2014-12-13 06:41:51.627906976,-71,849
778,2014-12-14 08:55:48.837209296,-64,850
779,2014-12-15 11:09:46.046511632,-88,851
780,2014-12-16 13:23:43.255813952,-71,852
781,2014-12-17 15:37:40.465116272,-89,853
782,2014-12-18 17:51:37.674418608,-64,854
783,2014-12-19 20:05:34.883720928,-77,855
784,2014-12-20 22:19:32.093023248,-79,856
785,2014-12-22 00:33:29.302325584,-83,858
786,2014-12-23 02:47:26.511627904,-85,859
787,2014-12-24 05:01:23.720930224,-89,860
788,2014-12-25 07:15:20.930232560,-67,861
789,2014-12-26 09:29:18.139534880,-81,862
790,2014-12-27 11:43:15.348837200,-84,863
791,2014-12-28 13:57:12.558139536,-64,864
792,2014-12-29 16:11:09.767441856,-84,865
793,2014-12-30 18:25:06.976744176,-70,866
794,2014-12-31 20:39:04.186046512,-76,867
795,2015-01-01 22:53:01.395348832,-66,868
796,2015-01-03 01:06:58.604651168,-77,870
797,2015-01-04 03:20:55.813953488,-68,871
798,2015-01-05 05:34:53.023255808,-79,872
799,2015-01-06 07:48:50.232558144,-70,873
800,2015-01-07 10:02:47.441860464,-60,874
801,2015-01-08 12:16:44.651162784,-67,875
802,2015-01-09 14:30:41.860465120,-86,876
803,2015-01-10 16:44:39.069767440,-75,877
804,2015-01-11 18:58:36.279069760,-73,878
805,2015-01-12 21:12:33.488372096,-88,879
806,2015-01-13 23:26:30.697674416,-67,880
807,2015-01-15 01:40:27.906976736,-63,882
808,2015-01-16 03:54:25.116279072,-66,883
809,2015-01-17 06:08:22.325581392,-90,884
810,2015-01-18 08:22:19.534883712,-90,885
811,2015-01-19 10:36:16.744186048,-74,886
812,2015-01-20 12:50:13.953488368,-87,887
813,2015-01-21 15:04:11.162790688,-69,888
814,2015-01-22 17:18:08.372093024,-80,889
815,2015-01-23 19:32:05.581395344,-88,890
816,2015-01-24 21:46:02.790697664,-74,891
817,2015-01-26 00:00:00.000000000,-72,893
818,2015-01-27 02:13:57.209302320,-69,894
819,2015-01-28 04:27:54.418604656,-67,895
820,2015-01-29 06:41:51.627906976,-75,896
821,2015-01-30 08:55:48.837209296,-69,897
822,2015-01-31 11:09:46.046511632,-90,898
823,2015-02-01 13:23:43.255813952,-74,899
824,2015-02-02 15:37:40.465116272,-63,900
825,2015-02-03 17:51:37.674418608,-63,901
826,2015-02-04 20:05:34.883720928,-68,902
827,2015-02-05 22:19:32.093023248,-75,903
828,2015-02-07 00:33:29.302325584,-68,905
829,2015-02-08 02:47:26.511627904,-70,906
830,2015-02-09 05:01:23.720930224,-64,907
831,2015-02-10 07:15:20.930232560,-60,908
832,2015-02-11 09:29:18.139534880,-71,909
833,2015-02-12 11:43:15.348837200,-74,910
834,2015-02-13 13:57:12.558139536,-67,911
835,2015-02-14 16:11:09.767441856,-82,912
836,2015-02-15 18:25:06.976744176,-78,913
837,2015-02-16 20:39:04.186046512,-90,914
838,2015-02-17 22:53:01.395348832,-64,915
839,2015-02-19 01:06:58.604651168,-86,917
840,2015-02-20 03:20:55.813953488,-72,918
841,2015-02-21 05:34:53.023255808,-65,919
842,2015-02-22 07:48:50.232558144,-65,920
843,2015-02-23 10:02:47.441860464,-88,921
844,2015-02-24 12:16:44.651162784,-81,922
845,2015-02-25 14:30:41.860465120,-80,923
846,2015-02-26 16:44:39.069767440,-88,924
847,2015-02-27 18:58:36.279069760,-71,925
848,2015-02-28 21:12:33.488372096,-79,926
849,2015-03-01 23:26:30.697674416,-82,927
850,2015-03-03 01:40:27.906976736,-76,929
851,2015-03-04 03:54:25.116279072,-83,930
852,2015-03-05 06:08:22.325581392,-62,931
853,2015-03-06 08:22:19.534883712,-78,932
854,2015-03-07 10:36:16.744186048,-82,933
855,2015-03-08 12:50:13.953488368,-80,934
856,2015-03-09 15:04:11.162790688,-89,935
857,2015-03-10 17:18:08.372093024,-89,936
858,2015-03-11 19:32:05.581395344,-70,937
859,2015-03-12 21:46:02.790697664,-86,938
860,2015-03-14 00:00:00.000000000,-72,940
861,2015-03-15 02:13:57.209302320,-82,941
862,2015-03-16 04:27:54.418604656,-75,942
863,2015-03-17 06:41:51.627906976,-88,943
864,2015-03-18 08:55:48.837209296,-83,944
865,2015-03-19 11:09:46.046511632,-90,945
866,2015-03-20 13:23:43.255813952,-81,946
867,2015-03-21 15:37:40.465116272,-67,947
868,2015-03-22 17:51:37.674418608,-67,948
869,2015-03-23 20:05:34.883720928,-60,949
870,2015-03-24 22:19:32.093023248,-64,950
871,2015-03-26 00:33:29.302325584,-90,952
872,2015-03-27 02:47:26.511627904,-61,953
873,2015-03-28 05:01:23.720930224,-71,954
874,2015-03-29 07:15:20.930232560,-69,955
875,2015-03-30 09:29:18.139534880,-90,956
876,2015-03-31 11:43:15.348837200,-90,957
877,2015-04-01 13:57:12.558139536,-84,958
878,2015-04-02 16:11:09.767441856,-85,959
879,2015-04-03 18:25:06.976744176,-65,960
880,2015-04-04 20:39:04.186046512,-85,961
881,2015-04-05 22:53:01.395348832,-90,962
882,2015-04-07 01:06:58.604651152,-62,964
883,2015-04-08 03:20:55.813953488,-83,965
884,2015-04-09 05:34:53.023255808,-67,966
885,2015-04-10 07:48:50.232558144,-78,967
886,2015-04-11 10:02:47.441860464,-76,968
887,2015-04-12 12:16:44.651162784,-67,969
888,2015-04-13 14:30:41.860465120,-75,970
889,2015-04-14 16:44:39.069767440,-60,971
890,2015-04-15 18:58:36.279069760,-66,972
891,2015-04-16 21:12:33.488372096,-79,973
892,2015-04-17 23:26:30.697674416,-61,974
893,2015-04-19 01:40:27.906976736,-90,976
894,2015-04-20 03:54:25.116279072,-74,977
895,2015-04-21 06:08:22.325581392,-67,978
896,2015-04-22 08:22:19.534883712,-70,979
897,2015-04-23 10:36:16.744186048,-84,980
898,2015-04-24 12:50:13.953488368,-62,981
899,2015-04-25 15:04:11.162790688,-76,982
900,2015-04-26 17:18:08.372093024,-60,983
901,2015-04-27 19:32:05.581395344,-80,984
902,2015-04-28 21:46:02.790697664,-62,985
903,2015-04-30 00:00:00.000000000,-62,987
904,2015-05-01 02:13:57.209302320,-85,988
905,2015-05-02 04:27:54.418604656,-75,989
906,2015-05-03 06:41:51.627906976,-61,990
907,2015-05-04 08:55:48.837209296,-70,991
908,2015-05-05 11:09:46.046511632,-88,992
909,2015-05-06 13:23:43.255813952,-83,993
910,2015-05-07 15:37:40.465116272,-77,994
911,2015-05-08 17:51:37.674418608,-69,995
912,2015-05-09 20:05:34.883720928,-72,996
913,2015-05-10 22:19:32.093023248,-78,997
914,2015-05-12 00:33:29.302325584,-65,999
915,2015-05-13 02:47:26.511627904,-75,1000
916,2015-05-14 05:01:23.720930224,-89,1001
917,2015-05-15 07:15:20.930232560,-64,1002
918,2015-05-16 09:29:18.139534880,-81,1003
919,2015-05-17 11:43:15.348837200,-73,1004
920,2015-05-18 13:57:12.558139536,-80,1005
921,2015-05-19 16:11:09.767441856,-67,1006
922,2015-05-20 18:25:06.976744176,-76,1007
923,2015-05-21 20:39:04.186046512,-63,1008
924,2015-05-22 22:53:01.395348832,-79,1009
925,2015-05-24 01:06:58.604651152,-75,1011
926,2015-05-25 03:20:55.813953488,-90,1012
927,2015-05-26 05:34:53.023255808,-88,1013
928,2015-05-27 07:48:50.232558144,-67,1014
929,2015-05-28 10:02:47.441860464,-77,1015
930,2015-05-29 12:16:44.651162784,-60,1016
931,2015-05-30 14:30:41.860465120,-60,1017
932,2015-05-31 16:44:39.069767440,-88,1018
933,2015-06-01 18:58:36.279069760,-71,1019
934,2015-06-02 21:12:33.488372096,-80,1020
935,2015-06-03 23:26:30.697674416,-63,1021
936,2015-06-05 01:40:27.906976736,-86,1023
937,2015-06-06 03:54:25.116279072,-86,1024
938,2015-06-07 06:08:22.325581392,-69,1025
939,2015-06-08 08:22:19.534883712,-67,1026
940,2015-06-09 10:36:16.744186048,-80,1027
941,2015-06-10 12:50:13.953488368,-77,1028
942,2015-06-11 15:04:11.162790688,-82,1029
943,2015-06-12 17:18:08.372093024,-86,1030
944,2015-06-13 19:32:05.581395344,-69,1031
945,2015-06-14 21:46:02.790697664,-62,1032
946,2015-06-16 00:00:00.000000000,-79,1034
947,2015-06-17 02:13:57.209302320,-81,1035
948,2015-06-18 04:27:54.418604656,-71,1036
949,2015-06-19 06:41:51.627906976,-86,1037
950,2015-06-20 08:55:48.837209296,-61,1038
951,2015-06-21 11:09:46.046511632,-77,1039
952,2015-06-22 13:23:43.255813952,-89,1040
953,2015-06-23 15:37:40.465116272,-67,1041
954,2015-06-24 17:51:37.674418608,-88,1042
955,2015-06-25 20:05:34.883720928,-61,1043
956,2015-06-26 22:19:32.093023248,-69,1044
957,2015-06-28 00:33:29.302325584,-72,1046
958,2015-06-29 02:47:26.511627904,-66,1047
959,2015-06-30 05:01:23.720930224,-85,1048
960,2015-07-01 07:15:20.930232560,-70,1049
961,2015-07-02 09:29:18.139534880,-90,1050
962,2015-07-03 11:43:15.348837200,-70,1051
963,2015-07-04 13:57:12.558139536,-60,1052
964,2015-07-05 16:11:09.767441856,-68,1053
965,2015-07-06 18:25:06.976744176,-68,1054
966,2015-07-07 20:39:04.186046512,-80,1055
967,2015-07-08 22:53:01.395348832,-81,1056
968,2015-07-10 01:06:58.604651152,-70,1058
969,2015-07-11 03:20:55.813953488,-69,1059
970,2015-07-12 05:34:53.023255808,-78,1060
971,2015-07-13 07:48:50.232558144,-65,1061
972,2015-07-14 10:02:47.441860464,-68,1062
973,2015-07-15 12:16:44.651162784,-82,1063
974,2015-07-16 14:30:41.860465120,-66,1064
975,2015-07-17 16:44:39.069767440,-74,1065
976,2015-07-18 18:58:36.279069760,-70,1066
977,2015-07-19 21:12:33.488372096,-66,1067
978,2015-07-20 23:26:30.697674416,-71,1068
979,2015-07-22 01:40:27.906976736,-60,1070
980,2015-07-23 03:54:25.116279072,-67,1071
981,2015-07-24 06:08:22.325581392,-73,1072
982,2015-07-25 08:22:19.534883712,-86,1073
983,2015-07-26 10:36:16.744186048,-71,1074
984,2015-07-27 12:50:13.953488368,-66,1075
985,2015-07-28 15:04:11.162790688,-86,1076
986,2015-07-29 17:18:08.372093024,-63,1077
987,2015-07-30 19:32:05.581395344,-74,1078
988,2015-07-31 21:46:02.790697664,-64,1079
989,2015-08-02 00:00:00.000000000,-61,1081
990,2015-08-03 02:13:57.209302320,-83,1082
991,2015-08-04 04:27:54.418604640,-67,1083
992,2015-08-05 06:41:51.627906976,-81,1084
993,2015-08-06 08:55:48.837209296,-60,1085
994,2015-08-07 11:09:46.046511632,-75,1086
995,2015-08-08 13:23:43.255813952,-87,1087
996,2015-08-09 15:37:40.465116272,-73,1088
997,2015-08-10 17:51:37.674418608,-64,1089
998,2015-08-11 20:05:34.883720928,-83,1090
999,2015-08-12 22:19:32.093023248,-90,1091
1000,2015-08-14 00:33:29.302325584,-89,1093
1001,2015-08-15 02:47:26.511627904,-79,1094
1002,2015-08-16 05:01:23.720930224,-78,1095
1003,2015-08-17 07:15:20.930232560,-74,1096
1004,2015-08-18 09:29:18.139534880,-65,1097
1005,2015-08-19 11:43:15.348837200,-71,1098
1006,2015-08-20 13:57:12.558139536,-73,1099
1007,2015-08-21 16:11:09.767441856,-89,1100
1008,2015-08-22 18:25:06.976744176,-84,1101
1009,2015-08-23 20:39:04.186046512,-65,1102
1010,2015-08-24 22:53:01.395348832,-78,1103
1011,2015-08-26 01:06:58.604651152,-69,1105
1012,2015-08-27 03:20:55.813953488,-75,1106
1013,2015-08-28 05:34:53.023255808,-60,1107
1014,2015-08-29 07:48:50.232558144,-87,1108
1015,2015-08-30 10:02:47.441860464,-87,1109
1016,2015-08-31 12:16:44.651162784,-69,1110
1017,2015-09-01 14:30:41.860465120,-83,1111
1018,2015-09-02 16:44:39.069767440,-74,1112
1019,2015-09-03 18:58:36.279069760,-89,1113
1020,2015-09-04 21:12:33.488372096,-77,1114
1021,2015-09-05 23:26:30.697674416,-74,1115
1022,2015-09-07 01:40:27.906976736,-72,1117
1023,2015-09-08 03:54:25.116279072,-66,1118
1024,2015-09-09 06:08:22.325581392,-87,1119
1025,2015-09-10 08:22:19.534883712,-79,1120
1026,2015-09-11 10:36:16.744186048,-84,1121
1027,2015-09-12 12:50:13.953488368,-74,1122
1028,2015-09-13 15:04:11.162790688,-79,1123
1029,2015-09-14 17:18:08.372093024,-75,1124
1030,2015-09-15 19:32:05.581395344,-78,1125
1031,2015-09-16 21:46:02.790697664,-73,1126
1032,2015-09-18 00:00:00.000000000,-69,1128
1033,2015-09-19 02:13:57.209302320,-83,1129
1034,2015-09-20 04:27:54.418604640,-71,1130
1035,2015-09-21 06:41:51.627906976,-67,1131
1036,2015-09-22 08:55:48.837209296,-74,1132
1037,2015-09-23 11:09:46.046511632,-87,1133
1038,2015-09-24 13:23:43.255813952,-60,1134
1039,2015-09-25 15:37:40.465116272,-67,1135
1040,2015-09-26 17:51:37.674418608,-65,1136
1041,2015-09-27 20:05:34.883720928,-72,1137
1042,2015-09-28 22:19:32.093023248,-72,1138
1043,2015-09-30 00:33:29.302325584,-67,1140
1044,2015-10-01 02:47:26.511627904,-90,1141
1045,2015-10-02 05:01:23.720930224,-73,1142
1046,2015-10-03 07:15:20.930232560,-82,1143
1047,2015-10-04 09:29:18.139534880,-81,1144
1048,2015-10-05 11:43:15.348837200,-69,1145
1049,2015-10-06 13:57:12.558139536,-86,1146
1050,2015-10-07 16:11:09.767441856,-67,1147
1051,2015-10-08 18:25:06.976744176,-87,1148
1052,2015-10-09 20:39:04.186046512,-77,1149
1053,2015-10-10 22:53:01.395348832,-87,1150
1054,2015-10-12 01:06:58.604651152,-90,1152
1055,2015-10-13 03:20:55.813953488,-89,1153
1056,2015-10-14 05:34:53.023255808,-89,1154
1057,2015-10-15 07:48:50.232558144,-90,1155
1058,2015-10-16 10:02:47.441860464,-68,1156
1059,2015-10-17 12:16:44.651162784,-76,1157
1060,2015-10-18 14:30:41.860465120,-71,1158
1061,2015-10-19 16:44:39.069767440,-78,1159
1062,2015-10-20 18:58:36.279069760,-73,1160
1063,2015-10-21 21:12:33.488372096,-77,1161
1064,2015-10-22 23:26:30.697674416,-79,1162
1065,2015-10-24 01:40:27.906976736,-85,1164
1066,2015-10-25 03:54:25.116279072,-80,1165
1067,2015-10-26 06:08:22.325581392,-70,1166
1068,2015-10-27 08:22:19.534883712,-84,1167
1069,2015-10-28 10:36:16.744186048,-78,1168
1070,2015-10-29 12:50:13.953488368,-77,1169
1071,2015-10-30 15:04:11.162790688,-73,1170
1072,2015-10-31 17:18:08.372093024,-61,1171
1073,2015-11-01 19:32:05.581395344,-63,1172
1074,2015-11-02 21:46:02.790697664,-81,1173
1075,2015-11-04 00:00:00.000000000,-87,1175
1076,2015-11-05 02:13:57.209302320,-61,1176
1077,2015-11-06 04:27:54.418604640,-79,1177
1078,2015-11-07 06:41:51.627906976,-84,1178
1079,2015-11-08 08:55:48.837209296,-67,1179
1080,2015-11-09 11:09:46.046511632,-67,1180
1081,2015-11-10 13:23:43.255813952,-87,1181
1082,2015-11-11 15:37:40.465116272,-82,1182
1083,2015-11-12 17:51:37.674418608,-89,1183
1084,2015-11-13 20:05:34.883720928,-68,1184
1085,2015-11-14 22:19:32.093023248,-71,1185
1086,2015-11-16 00:33:29.302325584,-82,1187
1087,2015-11-17 02:47:26.511627904,-73,1188
1088,2015-11-18 05:01:23.720930224,-70,1189
1089,2015-11-19 07:15:20.930232560,-71,1190
1090,2015-11-20 09:29:18.139534880,-83,1191
1091,2015-11-21 11:43:15.348837200,-88,1192
1092,2015-11-22 13:57:12.558139536,-77,1193
1093,2015-11-23 16:11:09.767441856,-84,1194
1094,2015-11-24 18:25:06.976744176,-75,1195
1095,2015-11-25 20:39:04.186046512,-60,1196
1096,2015-11-26 22:53:01.395348832,-63,1197
1097,2015-11-28 01:06:58.604651152,-90,1199
1098,2015-11-29 03:20:55.813953488,-66,1200
1099,2015-11-30 05:34:53.023255808,-74,1201
1100,2015-12-01 07:48:50.232558128,-82,1202
1101,2015-12-02 10:02:47.441860464,-88,1203
1102,2015-12-03 12:16:44.651162784,-75,1204
1103,2015-12-04 14:30:41.860465120,-67,1205
1104,2015-12-05 16:44:39.069767440,-82,1206
1105,2015-12-06 18:58:36.279069760,-83,1207
1106,2015-12-07 21:12:33.488372096,-69,1208
1107,2015-12-08 23:26:30.697674416,-67,1209
1108,2015-12-10 01:40:27.906976736,-66,1211
1109,2015-12-11 03:54:25.116279072,-84,1212
1110,2015-12-12 06:08:22.325581392,-66,1213
1111,2015-12-13 08:22:19.534883712,-64,1214
1112,2015-12-14 10:36:16.744186048,-81,1215
1113,2015-12-15 12:50:13.953488368,-63,1216
1114,2015-12-16 15:04:11.162790688,-60,1217
1115,2015-12-17 17:18:08.372093024,-80,1218
1116,2015-12-18 19:32:05.581395344,-66,1219
1117,2015-12-19 21:46:02.790697664,-84,1220
1118,2015-12-21 00:00:00.000000000,-77,1222
1119,2015-12-22 02:13:57.209302320,-75,1223
1120,2015-12-23 04:27:54.418604640,-72,1224
1121,2015-12-24 06:41:51.627906976,-70,1225
1122,2015-12-25 08:55:48.837209296,-77,1226
1123,2015-12-26 11:09:46.046511632,-83,1227
1124,2015-12-27 13:23:43.255813952,-73,1228
1125,2015-12-28 15:37:40.465116272,-67,1229
1126,2015-12-29 17:51:37.674418608,-67,1230
1127,2015-12-30 20:05:34.883720928,-66,1231
1128,2015-12-31 22:19:32.093023248,-77,1232
1129,2016-01-02 00:33:29.302325584,-72,1234
1130,2016-01-03 02:47:26.511627904,-63,1235
1131,2016-01-04 05:01:23.720930224,-84,1236
1132,2016-01-05 07:15:20.930232560,-62,1237
1133,2016-01-06 09:29:18.139534880,-75,1238
1134,2016-01-07 11:43:15.348837200,-88,1239
1135,2016-01-08 13:57:12.558139536,-86,1240
1136,2016-01-09 16:11:09.767441856,-71,1241
1137,2016-01-10 18:25:06.976744176,-74,1242
1138,2016-01-11 20:39:04.186046512,-73,1243
1139,2016-01-12 22:53:01.395348832,-65,1244
1140,2016-01-14 01:06:58.604651152,-75,1246
1141,2016-01-15 03:20:55.813953488,-82,1247
1142,2016-01-16 05:34:53.023255808,-74,1248
1143,2016-01-17 07:48:50.232558128,-77,1249
1144,2016-01-18 10:02:47.441860464,-88,1250
1145,2016-01-19 12:16:44.651162784,-64,1251
1146,2016-01-20 14:30:41.860465120,-64,1252
1147,2016-01-21 16:44:39.069767440,-79,1253
1148,2016-01-22 18:58:36.279069760,-87,1254
1149,2016-01-23 21:12:33.488372096,-83,1255
1150,2016-01-24 23:26:30.697674416,-75,1256
1151,2016-01-26 01:40:27.906976736,-68,1258
1152,2016-01-27 03:54:25.116279072,-70,1259
1153,2016-01-28 06:08:22.325581392,-68,1260
1154,2016-01-29 08:22:19.534883712,-84,1261
1155,2016-01-30 10:36:16.744186048,-78,1262
1156,2016-01-31 12:50:13.953488368,-86,1263
1157,2016-02-01 15:04:11.162790688,-73,1264
1158,2016-02-02 17:18:08.372093024,-74,1265
1159,2016-02-03 19:32:05.581395344,-76,1266
1160,2016-02-04 21:46:02.790697664,-80,1267
1161,2016-02-06 00:00:00.000000000,-84,1269
1162,2016-02-07 02:13:57.209302320,-72,1270
1163,2016-02-08 04:27:54.418604640,-61,1271
1164,2016-02-09 06:41:51.627906976,-90,1272
1165,2016-02-10 08:55:48.837209296,-74,1273
1166,2016-02-11 11:09:46.046511632,-70,1274
1167,2016-02-12 13:23:43.255813952,-84,1275
1168,2016-02-13 15:37:40.465116272,-64,1276
1169,2016-02-14 17:51:37.674418608,-73,1277
1170,2016-02-15 20:05:34.883720928,-89,1278
1171,2016-02-16 22:19:32.093023248,-90,1279
1172,2016-02-18 00:33:29.302325584,-61,1281
1173,2016-02-19 02:47:26.511627904,-86,1282
1174,2016-02-20 05:01:23.720930224,-82,1283
1175,2016-02-21 07:15:20.930232560,-63,1284
1176,2016-02-22 09:29:18.139534880,-90,1285
1177,2016-02-23 11:43:15.348837200,-61,1286
1178,2016-02-24 13:57:12.558139536,-67,1287
1179,2016-02-25 16:11:09.767441856,-72,1288
1180,2016-02-26 18:25:06.976744176,-74,1289
1181,2016-02-27 20:39:04.186046512,-79,1290
1182,2016-02-28 22:53:01.395348832,-81,1291
1183,2016-03-01 01:06:58.604651152,-83,1293
1184,2016-03-02 03:20:55.813953488,-78,1294
1185,2016-03-03 05:34:53.023255808,-78,1295
1186,2016-03-04 07:48:50.232558128,-76,1296
1187,2016-03-05 10:02:47.441860464,-82,1297
1188,2016-03-06 12:16:44.651162784,-81,1298
1189,2016-03-07 14:30:41.860465120,-87,1299
1190,2016-03-08 16:44:39.069767440,-76,1300
1191,2016-03-09 18:58:36.279069760,-88,1301
1192,2016-03-10 21:12:33.488372096,-70,1302
1193,2016-03-11 23:26:30.697674416,-75,1303
1194,2016-03-13 01:40:27.906976736,-82,1305
1195,2016-03-14 03:54:25.116279072,-65,1306
1196,2016-03-15 06:08:22.325581392,-68,1307
1197,2016-03-16 08:22:19.534883712,-90,1308
1198,2016-03-17 10:36:16.744186048,-67,1309
1199,2016-03-18 12:50:13.953488368,-65,1310
1200,2016-03-19 15:04:11.162790688,-65,1311
1201,2016-03-20 17:18:08.372093024,-89,1312
1202,2016-03-21 19:32:05.581395344,-69,1313
1203,2016-03-22 21:46:02.790697664,-69,1314
1204,2016-03-24 00:00:00.000000000,-67,1316
1205,2016-03-25 02:13:57.209302320,-61,1317
1206,2016-03-26 04:27:54.418604640,-63,1318
1207,2016-03-27 06:41:51.627906976,-64,1319
1208,2016-03-28 08:55:48.837209296,-60,1320
1209,2016-03-29 11:09:46.046511616,-64,1321
1210,2016-03-30 13:23:43.255813952,-77,1322
1211,2016-03-31 15:37:40.465116272,-76,1323
1212,2016-04-01 17:51:37.674418608,-74,1324
1213,2016-04-02 20:05:34.883720928,-87,1325
1214,2016-04-03 22:19:32.093023248,-80,1326
1215,2016-04-05 00:33:29.302325584,-68,1328
1216,2016-04-06 02:47:26.511627904,-81,1329
1217,2016-04-07 05:01:23.720930224,-73,1330
1218,2016-04-08 07:15:20.930232560,-79,1331
1219,2016-04-09 09:29:18.139534880,-63,1332
1220,2016-04-10 11:43:15.348837200,-66,1333
1221,2016-04-11 13:57:12.558139536,-88,1334
1222,2016-04-12 16:11:09.767441856,-81,1335
1223,2016-04-13 18:25:06.976744176,-76,1336
1224,2016-04-14 20:39:04.186046512,-73,1337
1225,2016-04-15 22:53:01.395348832,-77,1338
1226,2016-04-17 01:06:58.604651152,-73,1340
1227,2016-04-18 03:20:55.813953488,-63,1341
1228,2016-04-19 05:34:53.023255808,-75,1342
1229,2016-04-20 07:48:50.232558128,-71,1343
1230,2016-04-21 10:02:47.441860464,-85,1344
1231,2016-04-22 12:16:44.651162784,-74,1345
1232,2016-04-23 14:30:41.860465120,-89,1346
1233,2016-04-24 16:44:39.069767440,-84,1347
1234,2016-04-25 18:58:36.279069760,-82,1348
1235,2016-04-26 21:12:33.488372096,-83,1349
1236,2016-04-27 23:26:30.697674416,-67,1350
1237,2016-04-29 01:40:27.906976736,-87,1352
1238,2016-04-30 03:54:25.116279072,-71,1353
1239,2016-05-01 06:08:22.325581392,-88,1354
1240,2016-05-02 08:22:19.534883712,-88,1355
1241,2016-05-03 10:36:16.744186048,-71,1356
1242,2016-05-04 12:50:13.953488368,-65,1357
1243,2016-05-05 15:04:11.162790688,-78,1358
1244,2016-05-06 17:18:08.372093024,-71,1359
1245,2016-05-07 19:32:05.581395344,-85,1360
1246,2016-05-08 21:46:02.790697664,-74,1361
1247,2016-05-10 00:00:00.000000000,-80,1363
1248,2016-05-11 02:13:57.209302320,-87,1364
1249,2016-05-12 04:27:54.418604640,-62,1365
1250,2016-05-13 06:41:51.627906976,-87,1366
1251,2016-05-14 08:55:48.837209296,-71,1367
1252,2016-05-15 11:09:46.046511616,-76,1368
1253,2016-05-16 13:23:43.255813952,-85,1369
1254,2016-05-17 15:37:40.465116272,-78,1370
1255,2016-05-18 17:51:37.674418608,-75,1371
1256,2016-05-19 20:05:34.883720928,-68,1372
1257,2016-05-20 22:19:32.093023248,-66,1373
1258,2016-05-22 00:33:29.302325584,-76,1375
1259,2016-05-23 02:47:26.511627904,-87,1376
1260,2016-05-24 05:01:23.720930224,-65,1377
1261,2016-05-25 07:15:20.930232560,-68,1378
1262,2016-05-26 09:29:18.139534880,-64,1379
1263,2016-05-27 11:43:15.348837200,-66,1380
1264,2016-05-28 13:57:12.558139536,-85,1381
1265,2016-05-29 16:11:09.767441856,-83,1382
1266,2016-05-30 18:25:06.976744176,-89,1383
1267,2016-05-31 20:39:04.186046512,-60,1384
1268,2016-06-01 22:53:01.395348832,-82,1385
1269,2016-06-03 01:06:58.604651152,-89,1387
1270,2016-06-04 03:20:55.813953488,-80,1388
1271,2016-06-05 05:34:53.023255808,-68,1389
1272,2016-06-06 07:48:50.232558128,-86,1390
1273,2016-06-07 10:02:47.441860464,-85,1391
1274,2016-06-08 12:16:44.651162784,-62,1392
1275,2016-06-09 14:30:41.860465120,-73,1393
1276,2016-06-10 16:44:39.069767440,-68,1394
1277,2016-06-11 18:58:36.279069760,-78,1395
1278,2016-06-12 21:12:33.488372096,-69,1396
1279,2016-06-13 23:26:30.697674416,-75,1397
1280,2016-06-15 01:40:27.906976736,-81,1399
1281,2016-06-16 03:54:25.116279072,-89,1400
1282,2016-06-17 06:08:22.325581392,-85,1401
1283,2016-06-18 08:22:19.534883712,-73,1402
1284,2016-06-19 10:36:16.744186048,-66,1403
1285,2016-06-20 12:50:13.953488368,-67,1404
1286,2016-06-21 15:04:11.162790688,-61,1405
1287,2016-06-22 17:18:08.372093024,-73,1406
1288,2016-06-23 19:32:05.581395344,-82,1407
1289,2016-06-24 21:46:02.790697664,-89,1408
1290,2016-06-26 00:00:00.000000000,-88,1410
1291,2016-06-27 02:13:57.209302320,-72,1411
1292,2016-06-28 04:27:54.418604640,-75,1412
1293,2016-06-29 06:41:51.627906976,-81,1413
1294,2016-06-30 08:55:48.837209296,-75,1414
1295,2016-07-01 11:09:46.046511616,-62,1415
1296,2016-07-02 13:23:43.255813952,-65,1416
1297,2016-07-03 15:37:40.465116272,-86,1417
1298,2016-07-04 17:51:37.674418608,-76,1418
1299,2016-07-05 20:05:34.883720928,-64,1419
1300,2016-07-06 22:19:32.093023248,-76,1420
1301,2016-07-08 00:33:29.302325584,-62,1422
1302,2016-07-09 02:47:26.511627904,-64,1423
1303,2016-07-10 05:01:23.720930224,-78,1424
1304,2016-07-11 07:15:20.930232560,-85,1425
1305,2016-07-12 09:29:18.139534880,-73,1426
1306,2016-07-13 11:43:15.348837200,-72,1427
1307,2016-07-14 13:57:12.558139536,-73,1428
1308,2016-07-15 16:11:09.767441856,-79,1429
1309,2016-07-16 18:25:06.976744176,-64,1430
1310,2016-07-17 20:39:04.186046512,-77,1431
1311,2016-07-18 22:53:01.395348832,-61,1432
1312,2016-07-20 01:06:58.604651152,-61,1434
1313,2016-07-21 03:20:55.813953488,-63,1435
1314,2016-07-22 05:34:53.023255808,-67,1436
1315,2016-07-23 07:48:50.232558128,-86,1437
1316,2016-07-24 10:02:47.441860464,-89,1438
1317,2016-07-25 12:16:44.651162784,-60,1439
1318,2016-07-26 14:30:41.860465104,-61,1440
1319,2016-07-27 16:44:39.069767440,-80,1441
1320,2016-07-28 18:58:36.279069760,-82,1442
1321,2016-07-29 21:12:33.488372096,-77,1443
1322,2016-07-30 23:26:30.697674416,-81,1444
1323,2016-08-01 01:40:27.906976736,-66,1446
1324,2016-08-02 03:54:25.116279072,-86,1447
1325,2016-08-03 06:08:22.325581392,-83,1448
1326,2016-08-04 08:22:19.534883712,-77,1449
1327,2016-08-05 10:36:16.744186048,-68,1450
1328,2016-08-06 12:50:13.953488368,-73,1451
1329,2016-08-07 15:04:11.162790688,-70,1452
1330,2016-08-08 17:18:08.372093024,-76,1453
1331,2016-08-09 19:32:05.581395344,-66,1454
1332,2016-08-10 21:46:02.790697664,-61,1455
1333,2016-08-12 00:00:00.000000000,-83,1457
1334,2016-08-13 02:13:57.209302320,-75,1458
1335,2016-08-14 04:27:54.418604640,-66,1459
1336,2016-08-15 06:41:51.627906976,-64,1460
1337,2016-08-16 08:55:48.837209296,-87,1461
1338,2016-08-17 11:09:46.046511616,-64,1462
1339,2016-08-18 13:23:43.255813952,-87,1463
1340,2016-08-19 15:37:40.465116272,-90,1464
1341,2016-08-20 17:51:37.674418608,-87,1465
1342,2016-08-21 20:05:34.883720928,-87,1466
1343,2016-08-22 22:19:32.093023248,-84,1467
1344,2016-08-24 00:33:29.302325584,-68,1469
1345,2016-08-25 02:47:26.511627904,-72,1470
1346,2016-08-26 05:01:23.720930224,-85,1471
1347,2016-08-27 07:15:20.930232560,-79,1472
1348,2016-08-28 09:29:18.139534880,-65,1473
1349,2016-08-29 11:43:15.348837200,-60,1474
1350,2016-08-30 13:57:12.558139536,-69,1475
1351,2016-08-31 16:11:09.767441856,-83,1476
1352,2016-09-01 18:25:06.976744176,-65,1477
1353,2016-09-02 20:39:04.186046512,-86,1478
1354,2016-09-03 22:53:01.395348832,-80,1479
1355,2016-09-05 01:06:58.604651152,-64,1481
1356,2016-09-06 03:20:55.813953488,-87,1482
1357,2016-09-07 05:34:53.023255808,-60,1483
1358,2016-09-08 07:48:50.232558128,-65,1484
1359,2016-09-09 10:02:47.441860464,-63,1485
1360,2016-09-10 12:16:44.651162784,-90,1486
1361,2016-09-11 14:30:41.860465104,-82,1487
1362,2016-09-12 16:44:39.069767440,-77,1488
1363,2016-09-13 18:58:36.279069760,-77,1489
1364,2016-09-14 21:12:33.488372096,-60,1490
1365,2016-09-15 23:26:30.697674416,-75,1491
1366,2016-09-17 01:40:27.906976736,-70,1493
1367,2016-09-18 03:54:25.116279072,-83,1494
1368,2016-09-19 06:08:22.325581392,-65,1495
1369,2016-09-20 08:22:19.534883712,-65,1496
1370,2016-09-21 10:36:16.744186048,-75,1497
1371,2016-09-22 12:50:13.953488368,-87,1498
1372,2016-09-23 15:04:11.162790688,-80,1499
1373,2016-09-24 17:18:08.372093024,-67,1500
1374,2016-09-25 19:32:05.581395344,-79,1501
1375,2016-09-26 21:46:02.790697664,-88,1502
1376,2016-09-28 00:00:00.000000000,-76,1504
1377,2016-09-29 02:13:57.209302320,-64,1505
1378,2016-09-30 04:27:54.418604640,-87,1506
1379,2016-10-01 06:41:51.627906976,-88,1507
1380,2016-10-02 08:55:48.837209296,-82,1508
1381,2016-10-03 11:09:46.046511616,-80,1509
1382,2016-10-04 13:23:43.255813952,-72,1510
1383,2016-10-05 15:37:40.465116272,-63,1511
1384,2016-10-06 17:51:37.674418608,-61,1512
1385,2016-10-07 20:05:34.883720928,-83,1513
1386,2016-10-08 22:19:32.093023248,-67,1514
1387,2016-10-10 00:33:29.302325584,-77,1516
1388,2016-10-11 02:47:26.511627904,-78,1517
1389,2016-10-12 05:01:23.720930224,-69,1518
1390,2016-10-13 07:15:20.930232560,-62,1519
1391,2016-10-14 09:29:18.139534880,-81,1520
1392,2016-10-15 11:43:15.348837200,-80,1521
1393,2016-10-16 13:57:12.558139536,-62,1522
1394,2016-10-17 16:11:09.767441856,-64,1523
1395,2016-10-18 18:25:06.976744176,-85,1524
1396,2016-10-19 20:39:04.186046512,-75,1525
1397,2016-10-20 22:53:01.395348832,-73,1526
1398,2016-10-22 01:06:58.604651152,-66,1528
1399,2016-10-23 03:20:55.813953488,-73,1529
1400,2016-10-24 05:34:53.023255808,-64,1530
1401,2016-10-25 07:48:50.232558128,-90,1531
1402,2016-10-26 10:02:47.441860464,-76,1532
1403,2016-10-27 12:16:44.651162784,-68,1533
1404,2016-10-28 14:30:41.860465104,-75,1534
1405,2016-10-29 16:44:39.069767440,-63,1535
1406,2016-10-30 18:58:36.279069760,-67,1536
1407,2016-10-31 21:12:33.488372096,-62,1537
1408,2016-11-01 23:26:30.697674416,-60,1538
1409,2016-11-03 01:40:27.906976736,-85,1540
1410,2016-11-04 03:54:25.116279072,-79,1541
1411,2016-11-05 06:08:22.325581392,-65,1542
1412,2016-11-06 08:22:19.534883712,-67,1543
1413,2016-11-07 10:36:16.744186048,-73,1544
1414,2016-11-08 12:50:13.953488368,-72,1545
1415,2016-11-09 15:04:11.162790688,-86,1546
1416,2016-11-10 17:18:08.372093024,-73,1547
1417,2016-11-11 19:32:05.581395344,-69,1548
1418,2016-11-12 21:46:02.790697664,-85,1549
1419,2016-11-14 00:00:00.000000000,-83,1551
1420,2016-11-15 02:13:57.209302320,-82,1552
1421,2016-11-16 04:27:54.418604640,-75,1553
1422,2016-11-17 06:41:51.627906976,-66,1554
1423,2016-11-18 08:55:48.837209296,-70,1555
1424,2016-11-19 11:09:46.046511616,-69,1556
1425,2016-11-20 13:23:43.255813952,-87,1557
1426,2016-11-21 15:37:40.465116272,-60,1558
1427,2016-11-22 17:51:37.674418592,-82,1559
1428,2016-11-23 20:05:34.883720928,-82,1560
1429,2016-11-24 22:19:32.093023248,-70,1561
1430,2016-11-26 00:33:29.302325584,-67,1563
1431,2016-11-27 02:47:26.511627904,-74,1564
1432,2016-11-28 05:01:23.720930224,-69,1565
1433,2016-11-29 07:15:20.930232560,-88,1566
1434,2016-11-30 09:29:18.139534880,-76,1567
1435,2016-12-01 11:43:15.348837200,-74,1568
1436,2016-12-02 13:57:12.558139536,-73,1569
1437,2016-12-03 16:11:09.767441856,-75,1570
1438,2016-12-04 18:25:06.976744176,-67,1571
1439,2016-12-05 20:39:04.186046512,-66,1572
1440,2016-12-06 22:53:01.395348832,-72,1573
1441,2016-12-08 01:06:58.604651152,-72,1575
1442,2016-12-09 03:20:55.813953488,-60,1576
1443,2016-12-10 05:34:53.023255808,-86,1577
1444,2016-12-11 07:48:50.232558128,-82,1578
1445,2016-12-12 10:02:47.441860464,-76,1579
1446,2016-12-13 12:16:44.651162784,-78,1580
1447,2016-12-14 14:30:41.860465104,-68,1581
1448,2016-12-15 16:44:39.069767440,-67,1582
1449,2016-12-16 18:58:36.279069760,-77,1583
1450,2016-12-17 21:12:33.488372096,-66,1584
1451,2016-12-18 23:26:30.697674416,-82,1585
1452,2016-12-20 01:40:27.906976736,-85,1587
1453,2016-12-21 03:54:25.116279072,-79,1588
1454,2016-12-22 06:08:22.325581392,-86,1589
1455,2016-12-23 08:22:19.534883712,-78,1590
1456,2016-12-24 10:36:16.744186048,-90,1591
1457,2016-12-25 12:50:13.953488368,-65,1592
1458,2016-12-26 15:04:11.162790688,-78,1593
1459,2016-12-27 17:18:08.372093024,-77,1594
1460,2016-12-28 19:32:05.581395344,-68,1595
1461,2016-12-29 21:46:02.790697664,-64,1596
1462,2016-12-31 00:00:00.000000000,-62,1598
1463,2017-01-01 02:13:57.209302320,-80,1599
1464,2017-01-02 04:27:54.418604640,-81,1600
1465,2017-01-03 06:41:51.627906976,-65,1601
1466,2017-01-04 08:55:48.837209296,-78,1602
1467,2017-01-05 11:09:46.046511616,-62,1603
1468,2017-01-06 13:23:43.255813952,-68,1604
1469,2017-01-07 15:37:40.465116272,-78,1605
1470,2017-01-08 17:51:37.674418592,-62,1606
1471,2017-01-09 20:05:34.883720928,-83,1607
1472,2017-01-10 22:19:32.093023248,-79,1608
1473,2017-01-12 00:33:29.302325584,-80,1610
1474,2017-01-13 02:47:26.511627904,-74,1611
1475,2017-01-14 05:01:23.720930224,-90,1612
1476,2017-01-15 07:15:20.930232560,-75,1613
1477,2017-01-16 09:29:18.139534880,-71,1614
1478,2017-01-17 11:43:15.348837200,-75,1615
1479,2017-01-18 13:57:12.558139536,-86,1616
1480,2017-01-19 16:11:09.767441856,-88,1617
1481,2017-01-20 18:25:06.976744176,-71,1618
1482,2017-01-21 20:39:04.186046512,-78,1619
1483,2017-01-22 22:53:01.395348832,-64,1620
1484,2017-01-24 01:06:58.604651152,-62,1622
1485,2017-01-25 03:20:55.813953488,-86,1623
1486,2017-01-26 05:34:53.023255808,-66,1624
1487,2017-01-27 07:48:50.232558128,-64,1625
1488,2017-01-28 10:02:47.441860464,-64,1626
1489,2017-01-29 12:16:44.651162784,-79,1627
1490,2017-01-30 14:30:41.860465104,-67,1628
1491,2017-01-31 16:44:39.069767440,-85,1629
1492,2017-02-01 18:58:36.279069760,-65,1630
1493,2017-02-02 21:12:33.488372096,-84,1631
1494,2017-02-03 23:26:30.697674416,-90,1632
1495,2017-02-05 01:40:27.906976736,-90,1634
1496,2017-02-06 03:54:25.116279072,-61,1635
1497,2017-02-07 06:08:22.325581392,-65,1636
1498,2017-02-08 08:22:19.534883712,-89,1637
1499,2017-02-09 10:36:16.744186048,-64,1638
1500,2017-02-10 12:50:13.953488368,-81,1639
1501,2017-02-11 15:04:11.162790688,-90,1640
1502,2017-02-12 17:18:08.372093024,-64,1641
1503,2017-02-13 19:32:05.581395344,-81,1642
1504,2017-02-14 21:46:02.790697664,-60,1643
1505,2017-02-16 00:00:00.000000000,-70,1645
1506,2017-02-17 02:13:57.209302320,-69,1646
1507,2017-02-18 04:27:54.418604640,-62,1647
1508,2017-02-19 06:41:51.627906976,-67,1648
1509,2017-02-20 08:55:48.837209296,-72,1649
1510,2017-02-21 11:09:46.046511616,-79,1650
1511,2017-02-22 13:23:43.255813952,-68,1651
1512,2017-02-23 15:37:40.465116272,-88,1652
1513,2017-02-24 17:51:37.674418592,-76,1653
1514,2017-02-25 20:05:34.883720928,-71,1654
1515,2017-02-26 22:19:32.093023248,-69,1655
1516,2017-02-28 00:33:29.302325584,-77,1657
1517,2017-03-01 02:47:26.511627904,-66,1658
1518,2017-03-02 05:01:23.720930224,-67,1659
1519,2017-03-03 07:15:20.930232560,-87,1660
1520,2017-03-04 09:29:18.139534880,-71,1661
1521,2017-03-05 11:43:15.348837200,-76,1662
1522,2017-03-06 13:57:12.558139536,-67,1663
1523,2017-03-07 16:11:09.767441856,-79,1664
1524,2017-03-08 18:25:06.976744176,-85,1665
1525,2017-03-09 20:39:04.186046512,-67,1666
1526,2017-03-10 22:53:01.395348832,-86,1667
1527,2017-03-12 01:06:58.604651168,-69,1669
1528,2017-03-13 03:20:55.813953472,-89,1670
1529,2017-03-14 05:34:53.023255808,-64,1671
1530,2017-03-15 07:48:50.232558144,-85,1672
1531,2017-03-16 10:02:47.441860448,-88,1673
1532,2017-03-17 12:16:44.651162784,-62,1674
1533,2017-03-18 14:30:41.860465120,-73,1675
1534,2017-03-19 16:44:39.069767424,-70,1676
1535,2017-03-20 18:58:36.279069760,-69,1677
1536,2017-03-21 21:12:33.488372096,-83,1678
1537,2017-03-22 23:26:30.697674400,-73,1679
1538,2017-03-24 01:40:27.906976736,-71,1681
1539,2017-03-25 03:54:25.116279072,-66,1682
1540,2017-03-26 06:08:22.325581376,-87,1683
1541,2017-03-27 08:22:19.534883712,-69,1684
1542,2017-03-28 10:36:16.744186048,-88,1685
1543,2017-03-29 12:50:13.953488352,-66,1686
1544,2017-03-30 15:04:11.162790688,-62,1687
1545,2017-03-31 17:18:08.372093024,-85,1688
1546,2017-04-01 19:32:05.581395328,-71,1689
1547,2017-04-02 21:46:02.790697664,-64,1690
1548,2017-04-04 00:00:00.000000000,-68,1692
1549,2017-04-05 02:13:57.209302336,-86,1693
1550,2017-04-06 04:27:54.418604640,-68,1694
1551,2017-04-07 06:41:51.627906976,-89,1695
1552,2017-04-08 08:55:48.837209312,-61,1696
1553,2017-04-09 11:09:46.046511616,-90,1697
1554,2017-04-10 13:23:43.255813952,-83,1698
1555,2017-04-11 15:37:40.465116288,-60,1699
1556,2017-04-12 17:51:37.674418592,-89,1700
1557,2017-04-13 20:05:34.883720928,-70,1701
1558,2017-04-14 22:19:32.093023264,-61,1702
1559,2017-04-16 00:33:29.302325568,-71,1704
1560,2017-04-17 02:47:26.511627904,-62,1705
1561,2017-04-18 05:01:23.720930240,-83,1706
1562,2017-04-19 07:15:20.930232544,-71,1707
1563,2017-04-20 09:29:18.139534880,-82,1708
1564,2017-04-21 11:43:15.348837216,-70,1709
1565,2017-04-22 13:57:12.558139520,-76,1710
1566,2017-04-23 16:11:09.767441856,-79,1711
1567,2017-04-24 18:25:06.976744192,-74,1712
1568,2017-04-25 20:39:04.186046496,-87,1713
1569,2017-04-26 22:53:01.395348832,-65,1714
1570,2017-04-28 01:06:58.604651168,-80,1716
1571,2017-04-29 03:20:55.813953472,-68,1717
1572,2017-04-30 05:34:53.023255808,-60,1718
1573,2017-05-01 07:48:50.232558144,-68,1719
1574,2017-05-02 10:02:47.441860448,-81,1720
1575,2017-05-03 12:16:44.651162784,-63,1721
1576,2017-05-04 14:30:41.860465120,-85,1722
1577,2017-05-05 16:44:39.069767424,-68,1723
1578,2017-05-06 18:58:36.279069760,-68,1724
1579,2017-05-07 21:12:33.488372096,-74,1725
1580,2017-05-08 23:26:30.697674400,-68,1726
1581,2017-05-10 01:40:27.906976736,-85,1728
1582,2017-05-11 03:54:25.116279072,-87,1729
1583,2017-05-12 06:08:22.325581376,-67,1730
1584,2017-05-13 08:22:19.534883712,-75,1731
1585,2017-05-14 10:36:16.744186048,-86,1732
1586,2017-05-15 12:50:13.953488352,-75,1733
1587,2017-05-16 15:04:11.162790688,-68,1734
1588,2017-05-17 17:18:08.372093024,-86,1735
1589,2017-05-18 19:32:05.581395328,-81,1736
1590,2017-05-19 21:46:02.790697664,-88,1737
1591,2017-05-21 00:00:00.000000000,-66,1739
1592,2017-05-22 02:13:57.209302336,-86,1740
1593,2017-05-23 04:27:54.418604640,-71,1741
1594,2017-05-24 06:41:51.627906976,-72,1742
1595,2017-05-25 08:55:48.837209312,-74,1743
1596,2017-05-26 11:09:46.046511616,-66,1744
1597,2017-05-27 13:23:43.255813952,-85,1745
1598,2017-05-28 15:37:40.465116288,-62,1746
1599,2017-05-29 17:51:37.674418592,-60,1747
1600,2017-05-30 20:05:34.883720928,-62,1748
1601,2017-05-31 22:19:32.093023264,-77,1749
1602,2017-06-02 00:33:29.302325568,-83,1751
1603,2017-06-03 02:47:26.511627904,-79,1752
1604,2017-06-04 05:01:23.720930240,-67,1753
1605,2017-06-05 07:15:20.930232544,-67,1754
1606,2017-06-06 09:29:18.139534880,-73,1755
1607,2017-06-07 11:43:15.348837216,-81,1756
1608,2017-06-08 13:57:12.558139520,-76,1757
1609,2017-06-09 16:11:09.767441856,-62,1758
1610,2017-06-10 18:25:06.976744192,-84,1759
1611,2017-06-11 20:39:04.186046496,-61,1760
1612,2017-06-12 22:53:01.395348832,-69,1761
1613,2017-06-14 01:06:58.604651168,-71,1763
1614,2017-06-15 03:20:55.813953472,-81,1764
1615,2017-06-16 05:34:53.023255808,-60,1765
1616,2017-06-17 07:48:50.232558144,-81,1766
1617,2017-06-18 10:02:47.441860448,-81,1767
1618,2017-06-19 12:16:44.651162784,-82,1768
1619,2017-06-20 14:30:41.860465120,-67,1769
1620,2017-06-21 16:44:39.069767424,-61,1770
1621,2017-06-22 18:58:36.279069760,-75,1771
1622,2017-06-23 21:12:33.488372096,-83,1772
1623,2017-06-24 23:26:30.697674400,-89,1773
1624,2017-06-26 01:40:27.906976736,-65,1775
1625,2017-06-27 03:54:25.116279072,-80,1776
1626,2017-06-28 06:08:22.325581376,-90,1777
1627,2017-06-29 08:22:19.534883712,-81,1778
1628,2017-06-30 10:36:16.744186048,-66,1779
1629,2017-07-01 12:50:13.953488352,-69,1780
1630,2017-07-02 15:04:11.162790688,-72,1781
1631,2017-07-03 17:18:08.372093024,-84,1782
1632,2017-07-04 19:32:05.581395328,-67,1783
1633,2017-07-05 21:46:02.790697664,-82,1784
1634,2017-07-07 00:00:00.000000000,-72,1786
1635,2017-07-08 02:13:57.209302336,-74,1787
1636,2017-07-09 04:27:54.418604640,-78,1788
1637,2017-07-10 06:41:51.627906976,-65,1789
1638,2017-07-11 08:55:48.837209312,-81,1790
1639,2017-07-12 11:09:46.046511616,-87,1791
1640,2017-07-13 13:23:43.255813952,-89,1792
1641,2017-07-14 15:37:40.465116288,-90,1793
1642,2017-07-15 17:51:37.674418592,-82,1794
1643,2017-07-16 20:05:34.883720928,-73,1795
1644,2017-07-17 22:19:32.093023264,-84,1796
1645,2017-07-19 00:33:29.302325568,-73,1798
1646,2017-07-20 02:47:26.511627904,-71,1799
1647,2017-07-21 05:01:23.720930240,-64,1800
1648,2017-07-22 07:15:20.930232544,-82,1801
1649,2017-07-23 09:29:18.139534880,-86,1802
1650,2017-07-24 11:43:15.348837216,-67,1803
1651,2017-07-25 13:57:12.558139520,-63,1804
1652,2017-07-26 16:11:09.767441856,-87,1805
1653,2017-07-27 18:25:06.976744192,-73,1806
1654,2017-07-28 20:39:04.186046496,-79,1807
1655,2017-07-29 22:53:01.395348832,-64,1808
1656,2017-07-31 01:06:58.604651168,-79,1810
1657,2017-08-01 03:20:55.813953472,-76,1811
1658,2017-08-02 05:34:53.023255808,-70,1812
1659,2017-08-03 07:48:50.232558144,-64,1813
1660,2017-08-04 10:02:47.441860448,-60,1814
1661,2017-08-05 12:16:44.651162784,-72,1815
1662,2017-08-06 14:30:41.860465120,-61,1816
1663,2017-08-07 16:44:39.069767424,-77,1817
1664,2017-08-08 18:58:36.279069760,-86,1818
1665,2017-08-09 21:12:33.488372096,-63,1819
1666,2017-08-10 23:26:30.697674400,-64,1820
1667,2017-08-12 01:40:27.906976736,-88,1822
1668,2017-08-13 03:54:25.116279072,-64,1823
1669,2017-08-14 06:08:22.325581376,-82,1824
1670,2017-08-15 08:22:19.534883712,-78,1825
1671,2017-08-16 10:36:16.744186048,-79,1826
1672,2017-08-17 12:50:13.953488352,-72,1827
1673,2017-08-18 15:04:11.162790688,-87,1828
1674,2017-08-19 17:18:08.372093024,-79,1829
1675,2017-08-20 19:32:05.581395328,-62,1830
1676,2017-08-21 21:46:02.790697664,-87,1831
1677,2017-08-23 00:00:00.000000000,-69,1833
1678,2017-08-24 02:13:57.209302336,-71,1834
1679,2017-08-25 04:27:54.418604640,-75,1835
1680,2017-08-26 06:41:51.627906976,-74,1836
1681,2017-08-27 08:55:48.837209312,-64,1837
1682,2017-08-28 11:09:46.046511616,-75,1838
1683,2017-08-29 13:23:43.255813952,-81,1839
1684,2017-08-30 15:37:40.465116288,-75,1840
1685,2017-08-31 17:51:37.674418592,-67,1841
1686,2017-09-01 20:05:34.883720928,-69,1842
1687,2017-09-02 22:19:32.093023264,-83,1843
1688,2017-09-04 00:33:29.302325568,-84,1845
1689,2017-09-05 02:47:26.511627904,-87,1846
1690,2017-09-06 05:01:23.720930240,-76,1847
1691,2017-09-07 07:15:20.930232544,-83,1848
1692,2017-09-08 09:29:18.139534880,-82,1849
1693,2017-09-09 11:43:15.348837216,-66,1850
1694,2017-09-10 13:57:12.558139520,-85,1851
1695,2017-09-11 16:11:09.767441856,-66,1852
1696,2017-09-12 18:25:06.976744192,-63,1853
1697,2017-09-13 20:39:04.186046496,-82,1854
1698,2017-09-14 22:53:01.395348832,-82,1855
1699,2017-09-16 01:06:58.604651168,-77,1857
1700,2017-09-17 03:20:55.813953472,-89,1858
1701,2017-09-18 05:34:53.023255808,-66,1859
1702,2017-09-19 07:48:50.232558144,-88,1860
1703,2017-09-20 10:02:47.441860448,-63,1861
1704,2017-09-21 12:16:44.651162784,-75,1862
1705,2017-09-22 14:30:41.860465120,-78,1863
1706,2017-09-23 16:44:39.069767424,-90,1864
1707,2017-09-24 18:58:36.279069760,-81,1865
1708,2017-09-25 21:12:33.488372096,-69,1866
1709,2017-09-26 23:26:30.697674400,-74,1867
1710,2017-09-28 01:40:27.906976736,-84,1869
1711,2017-09-29 03:54:25.116279072,-82,1870
1712,2017-09-30 06:08:22.325581376,-64,1871
1713,2017-10-01 08:22:19.534883712,-71,1872
1714,2017-10-02 10:36:16.744186048,-90,1873
1715,2017-10-03 12:50:13.953488352,-63,1874
1716,2017-10-04 15:04:11.162790688,-76,1875
1717,2017-10-05 17:18:08.372093024,-88,1876
1718,2017-10-06 19:32:05.581395328,-71,1877
1719,2017-10-07 21:46:02.790697664,-69,1878
1720,2017-10-09 00:00:00.000000000,-80,1880
1721,2017-10-10 02:13:57.209302304,-63,1881
1722,2017-10-11 04:27:54.418604640,-81,1882
1723,2017-10-12 06:41:51.627906976,-85,1883
1724,2017-10-13 08:55:48.837209312,-75,1884
1725,2017-10-14 11:09:46.046511616,-69,1885
1726,2017-10-15 13:23:43.255813952,-90,1886
1727,2017-10-16 15:37:40.465116288,-82,1887
1728,2017-10-17 17:51:37.674418592,-67,1888
1729,2017-10-18 20:05:34.883720928,-78,1889
1730,2017-10-19 22:19:32.093023264,-73,1890
1731,2017-10-21 00:33:29.302325568,-69,1892
1732,2017-10-22 02:47:26.511627904,-89,1893
1733,2017-10-23 05:01:23.720930240,-68,1894
1734,2017-10-24 07:15:20.930232544,-89,1895
1735,2017-10-25 09:29:18.139534880,-60,1896
1736,2017-10-26 11:43:15.348837216,-86,1897
1737,2017-10-27 13:57:12.558139520,-63,1898
1738,2017-10-28 16:11:09.767441856,-80,1899
1739,2017-10-29 18:25:06.976744192,-78,1900
1740,2017-10-30 20:39:04.186046496,-82,1901
1741,2017-10-31 22:53:01.395348832,-67,1902
1742,2017-11-02 01:06:58.604651168,-70,1904
1743,2017-11-03 03:20:55.813953472,-76,1905
1744,2017-11-04 05:34:53.023255808,-60,1906
1745,2017-11-05 07:48:50.232558144,-79,1907
1746,2017-11-06 10:02:47.441860448,-82,1908
1747,2017-11-07 12:16:44.651162784,-80,1909
1748,2017-11-08 14:30:41.860465120,-64,1910
1749,2017-11-09 16:44:39.069767424,-77,1911
1750,2017-11-10 18:58:36.279069760,-77,1912
1751,2017-11-11 21:12:33.488372096,-77,1913
1752,2017-11-12 23:26:30.697674400,-81,1914
1753,2017-11-14 01:40:27.906976736,-77,1916
1754,2017-11-15 03:54:25.116279072,-66,1917
1755,2017-11-16 06:08:22.325581376,-77,1918
1756,2017-11-17 08:22:19.534883712,-71,1919
1757,2017-11-18 10:36:16.744186048,-70,1920
1758,2017-11-19 12:50:13.953488352,-77,1921
1759,2017-11-20 15:04:11.162790688,-83,1922
1760,2017-11-21 17:18:08.372093024,-79,1923
1761,2017-11-22 19:32:05.581395328,-66,1924
1762,2017-11-23 21:46:02.790697664,-83,1925
1763,2017-11-25 00:00:00.000000000,-79,1927
1764,2017-11-26 02:13:57.209302304,-76,1928
1765,2017-11-27 04:27:54.418604640,-85,1929
1766,2017-11-28 06:41:51.627906976,-67,1930
1767,2017-11-29 08:55:48.837209312,-64,1931
1768,2017-11-30 11:09:46.046511616,-60,1932
1769,2017-12-01 13:23:43.255813952,-77,1933
1770,2017-12-02 15:37:40.465116288,-86,1934
1771,2017-12-03 17:51:37.674418592,-64,1935
1772,2017-12-04 20:05:34.883720928,-80,1936
1773,2017-12-05 22:19:32.093023264,-61,1937
1774,2017-12-07 00:33:29.302325568,-65,1939
1775,2017-12-08 02:47:26.511627904,-65,1940
1776,2017-12-09 05:01:23.720930240,-65,1941
1777,2017-12-10 07:15:20.930232544,-66,1942
1778,2017-12-11 09:29:18.139534880,-69,1943
1779,2017-12-12 11:43:15.348837216,-76,1944
1780,2017-12-13 13:57:12.558139520,-75,1945
1781,2017-12-14 16:11:09.767441856,-83,1946
1782,2017-12-15 18:25:06.976744192,-67,1947
1783,2017-12-16 20:39:04.186046496,-82,1948
1784,2017-12-17 22:53:01.395348832,-74,1949
1785,2017-12-19 01:06:58.604651168,-64,1951
1786,2017-12-20 03:20:55.813953472,-84,1952
1787,2017-12-21 05:34:53.023255808,-75,1953
1788,2017-12-22 07:48:50.232558144,-61,1954
1789,2017-12-23 10:02:47.441860448,-69,1955
1790,2017-12-24 12:16:44.651162784,-64,1956
1791,2017-12-25 14:30:41.860465120,-72,1957
1792,2017-12-26 16:44:39.069767424,-89,1958
1793,2017-12-27 18:58:36.279069760,-78,1959
1794,2017-12-28 21:12:33.488372096,-85,1960
1795,2017-12-29 23:26:30.697674400,-79,1961
1796,2017-12-31 01:40:27.906976736,-65,1963
1797,2018-01-01 03:54:25.116279072,-68,1964
1798,2018-01-02 06:08:22.325581376,-63,1965
1799,2018-01-03 08:22:19.534883712,-77,1966
1800,2018-01-04 10:36:16.744186048,-67,1967
1801,2018-01-05 12:50:13.953488352,-68,1968
1802,2018-01-06 15:04:11.162790688,-72,1969
1803,2018-01-07 17:18:08.372093024,-87,1970
1804,2018-01-08 19:32:05.581395328,-78,1971
1805,2018-01-09 21:46:02.790697664,-71,1972
1806,2018-01-11 00:00:00.000000000,-69,1974
1807,2018-01-12 02:13:57.209302304,-62,1975
1808,2018-01-13 04:27:54.418604640,-65,1976
1809,2018-01-14 06:41:51.627906976,-89,1977
1810,2018-01-15 08:55:48.837209312,-63,1978
1811,2018-01-16 11:09:46.046511616,-69,1979
1812,2018-01-17 13:23:43.255813952,-79,1980
1813,2018-01-18 15:37:40.465116288,-68,1981
1814,2018-01-19 17:51:37.674418592,-78,1982
1815,2018-01-20 20:05:34.883720928,-61,1983
1816,2018-01-21 22:19:32.093023264,-74,1984
1817,2018-01-23 00:33:29.302325568,-66,1986
1818,2018-01-24 02:47:26.511627904,-60,1987
1819,2018-01-25 05:01:23.720930240,-85,1988
1820,2018-01-26 07:15:20.930232544,-64,1989
1821,2018-01-27 09:29:18.139534880,-66,1990
1822,2018-01-28 11:43:15.348837216,-65,1991
1823,2018-01-29 13:57:12.558139520,-86,1992
1824,2018-01-30 16:11:09.767441856,-87,1993
1825,2018-01-31 18:25:06.976744192,-66,1994
1826,2018-02-01 20:39:04.186046496,-89,1995
1827,2018-02-02 22:53:01.395348832,-79,1996
1828,2018-02-04 01:06:58.604651168,-69,1998
1829,2018-02-05 03:20:55.813953472,-80,1999
1830,2018-02-06 05:34:53.023255808,-84,2000
1831,2018-02-07 07:48:50.232558144,-83,2001
1832,2018-02-08 10:02:47.441860448,-78,2002
1833,2018-02-09 12:16:44.651162784,-70,2003
1834,2018-02-10 14:30:41.860465120,-70,2004
1835,2018-02-11 16:44:39.069767424,-76,2005
1836,2018-02-12 18:58:36.279069760,-60,2006
1837,2018-02-13 21:12:33.488372096,-74,2007
1838,2018-02-14 23:26:30.697674400,-73,2008
1839,2018-02-16 01:40:27.906976736,-69,2010
1840,2018-02-17 03:54:25.116279072,-71,2011
1841,2018-02-18 06:08:22.325581376,-83,2012
1842,2018-02-19 08:22:19.534883712,-86,2013
1843,2018-02-20 10:36:16.744186048,-81,2014
1844,2018-02-21 12:50:13.953488352,-83,2015
1845,2018-02-22 15:04:11.162790688,-75,2016
1846,2018-02-23 17:18:08.372093024,-83,2017
1847,2018-02-24 19:32:05.581395328,-84,2018
1848,2018-02-25 21:46:02.790697664,-88,2019
1849,2018-02-27 00:00:00.000000000,-85,2021
